{"fiocruz":[{"id":"5565463591721568","cpf":"","tags":null,"periodo":["2017","2023"]},{"id":"5804297852066640","cpf":"","tags":null,"periodo":["2017","2023"]},{"id":"7027792126979693","cpf":"","tags":null,"periodo":["2017","2023"]},{"id":"3798623797837575","cpf":"","tags":null,"periodo":["2017","2023"]},{"id":"8454953908544325","cpf":"","tags":null,"periodo":["2017","2023"]},{"id":"9405337414047265","cpf":"","tags":null,"periodo":["2017","2023"]},{"id":"7004385035447880","cpf":"","tags":null,"periodo":["2017","2023"]},{"id":"0553918889655570","cpf":"","tags":null,"periodo":["2017","2023"]},{"id":"7920312439713999","cpf":"","tags":null,"periodo":["2017","2023"]},{"id":"0492208637289837","cpf":"","tags":null,"periodo":["2017","2023"]},{"id":"4533303011981452","cpf":"","tags":null,"periodo":["2017","2023"]},{"id":"8688961957105096","cpf":"","tags":null,"periodo":["2017","2023"]},{"id":"9894162318774616","cpf":"","tags":null,"periodo":["2017","2023"]},{"id":"2427045424896409","cpf":"","tags":null,"periodo":["2017","2023"]},{"id":"7769547194874833","cpf":"","tags":null,"periodo":["2017","2023"]},{"id":"7374065738760207","cpf":"","tags":null,"periodo":["2017","2023"]},{"id":"9211345386050612","cpf":"","tags":null,"periodo":["2017","2023"]},{"id":"4929168581709218","cpf":"","tags":null,"periodo":["2017","2023"]},{"id":"5832739049925970","cpf":"","tags":null,"periodo":["2017","2023"]},{"id":"5305938120287353","cpf":"","tags":null,"periodo":["2017","2023"]},{"id":"2430268236881898","cpf":"","tags":null,"periodo":["2017","2023"]},{"id":"2529945687863385","cpf":"","tags":null,"periodo":["2017","2023"]},{"id":"2634004612117298","cpf":"","tags":null,"periodo":["2017","2023"]},{"id":"1409006491220426","cpf":"","tags":null,"periodo":["2017","2023"]},{"id":"0271842903270328","cpf":"","tags":null,"periodo":["2017","2023"]},{"id":"0641258278314799","cpf":"","tags":null,"periodo":["2017","2023"]},{"id":"6260226537155026","cpf":"","tags":null,"periodo":["2017","2023"]},{"id":"4592140991723664","cpf":"","tags":null,"periodo":["2017","2023"]},{"id":"6831626214829585","cpf":"","tags":null,"periodo":["2017","2023"]},{"id":"9148354106985023","cpf":"","tags":null,"periodo":["2017","2023"]},{"id":"1735242943698067","cpf":"","tags":null,"periodo":["2017","2023"]},{"id":"8712666530716107","cpf":"","tags":null,"periodo":["2017","2023"]},{"id":"5557656124686682","cpf":"","tags":null,"periodo":["2017","2023"]},{"id":"2817016666672297","cpf":"","tags":null,"periodo":["2017","2023"]},{"id":"8285043752158198","cpf":"","tags":null,"periodo":["2017","2023"]},{"id":"6108351267696165","cpf":"","tags":null,"periodo":["2017","2023"]},{"id":"9698329171140813","cpf":"","tags":null,"periodo":["2017","2023"]},{"id":"2621628661003591","cpf":"","tags":null,"periodo":["2017","2023"]},{"id":"1722996582628218","cpf":"","tags":null,"periodo":["2017","2023"]},{"id":"1125391664500711","cpf":"","tags":null,"periodo":["2017","2023"]},{"id":"3544791535477213","cpf":"","tags":null,"periodo":["2017","2023"]},{"id":"9853093673691832","cpf":"","tags":null,"periodo":["2017","2023"]},{"id":"1476232727069800","cpf":"","tags":null,"periodo":["2017","2023"]},{"id":"8989178759075946","cpf":"","tags":null,"periodo":["2017","2023"]},{"id":"7529793133786376","cpf":"","tags":null,"periodo":["2017","2023"]},{"id":"7428560072021675","cpf":"","tags":null,"periodo":["2017","2023"]},{"id":"3508138338414003","cpf":"","tags":null,"periodo":["2017","2023"]},{"id":"6935282825820547","cpf":"","tags":null,"periodo":["2017","2023"]},{"id":"5508945613911003","cpf":"","tags":null,"periodo":["2017","2023"]},{"id":"2586445059585013","cpf":"","tags":null,"periodo":["2017","2023"]},{"id":"6405912413079760","cpf":"","tags":null,"periodo":["2017","2023"]},{"id":"3118219944250108","cpf":"","tags":null,"periodo":["2017","2023"]},{"id":"2290676372091813","cpf":"","tags":null,"periodo":["2017","2023"]},{"id":"5633763429024541","cpf":"","tags":null,"periodo":["2017","2023"]},{"id":"8641629843495094","cpf":"","tags":null,"periodo":["2017","2023"]}]}