{
  "2017": [
    [
      {
        "titulo": "DIFFERENTIAL DIAGNOSTIC METHOD AND KIT FOR INFECTIOUS AND PARASITIC DISEASES, USING FLOW CYTOMETRY",
        "ano_desenvolvimento": "2017",
        "pais": "Estados Unidos",
        "home_page": "https://patentimages.storage.googleapis.com/d4/74/58/5d5d5ff6118f60/US20170168050A1.pdf",
        "flag_relevancia": "NAO",
        "flag_potencial_inovacao": "SIM",
        "finalidade": "",
        "instituicao_financiadora": "",
        "categoria": "Produto",
        "tipo_patente": "MODELO_DE_UTILIDADE_MU",
        "codigo_do_registro_ou_patente": "US2017/0168050",
        "data_pedido_de_deposito": "24012017",
        "data_de_pedido_de_exame": "",
        "data_de_concessao": "",
        "instituicao_deposito_registro": "United States Patent and Trademark Office",
        "numero_deposito_pct": "",
        "formato_data_deposito_pct": "DDMMAAAA",
        "data_deposito_pct": "",
        "nome_do_titular": "",
        "nome_do_depositante": "Olindo Assis Martins-Filho;Fundação Oswaldo Cruz",
        "descricao_situacao_patente": "Depósito",
        "data_situacao_patente": "24012017",
        "status_situacao_patente": "SIM",
        "autores": ["MARTINS-FILHO, O. A.", "MARTINS-FILHO, O. A.", "Andrea Teixeira de Carvalho", "ROCHA, R. D.", "Mariléia Chaves Andrade", "AVELAR, D. V.", "Silva Araujo, M. S."],
        "autores-endogeno": ["2634004612117298"],
        "autores-endogeno-nome": [
          {
            "2634004612117298": "Márcio Sobreira Silva Araújo"
          }
        ],
        "tags": []
      }
    ]
  ],
  "2018": [
    [
      {
        "titulo": "Método para detectar anticorpos contra Leishmania, kit para detecção de infecção por Leishmania em uma amostra biológica, e uso de lipofosfoglicano de Leishmania.",
        "ano_desenvolvimento": "2018",
        "pais": "Brasil",
        "home_page": "",
        "flag_relevancia": "NAO",
        "flag_potencial_inovacao": "SIM",
        "finalidade": "",
        "instituicao_financiadora": "",
        "categoria": "Produto",
        "tipo_patente": "PRIVILEGIO_DE_INOVACAO_PI",
        "codigo_do_registro_ou_patente": "BR10201806733",
        "data_pedido_de_deposito": "31082018",
        "data_de_pedido_de_exame": "",
        "data_de_concessao": "",
        "instituicao_deposito_registro": "INPI - Instituto Nacional da Propriedade Industrial",
        "numero_deposito_pct": "",
        "formato_data_deposito_pct": "DDMMAAAA",
        "data_deposito_pct": "",
        "nome_do_titular": "",
        "nome_do_depositante": "Universidade Federal da Bahia",
        "descricao_situacao_patente": "Depósito",
        "data_situacao_patente": "31082018",
        "status_situacao_patente": "SIM",
        "autores": ["Soares, R.P.", "PORTELA, R. W. D.", "BARROUIN-MELO, S. M.", "BARRAL, T. A. D.", "PORFIRIO-PASSOS, G."],
        "autores-endogeno": ["5557656124686682"],
        "autores-endogeno-nome": [
          {
            "5557656124686682": "Rodrigo Pedro Pinto Soares"
          }
        ],
        "tags": []
      }
    ],
    [
      {
        "titulo": "MÉTODO E KIT IMUNODIAGNÓSTICO DA LINFADENITE CASEOSA EM PEQUENOS RUMINANTES UTILIZANDO AS PROTEÍNAS RECOMBINANTES CP40 e PLD COMO ANTÍGENOS",
        "ano_desenvolvimento": "2018",
        "pais": "Brasil",
        "home_page": "",
        "flag_relevancia": "NAO",
        "flag_potencial_inovacao": "SIM",
        "finalidade": "",
        "instituicao_financiadora": "CNPq, FAPEMIG, FAPESB",
        "categoria": "Produto",
        "tipo_patente": "PRIVILEGIO_DE_INOVACAO_PI",
        "codigo_do_registro_ou_patente": "BR10201801167",
        "data_pedido_de_deposito": "08062018",
        "data_de_pedido_de_exame": "",
        "data_de_concessao": "",
        "instituicao_deposito_registro": "INPI - Instituto Nacional da Propriedade Industrial",
        "numero_deposito_pct": "",
        "formato_data_deposito_pct": "DDMMAAAA",
        "data_deposito_pct": "",
        "nome_do_titular": "",
        "nome_do_depositante": "Universidade Federal de Minas Gerais;Universidade Federal da Bahia;Universidade Federal de Pelotas;Universidade Estadual Paulista Júlio de Mesquita Filho",
        "descricao_situacao_patente": "Depósito",
        "data_situacao_patente": "08062018",
        "status_situacao_patente": "SIM",
        "autores": ["AZEVEDO, V. A. C.", "BORSUK, S.", "ARNI, R. K.", "MARIUTTI, R. B.", "BARRAL, T. A. D.", "NASCIMENTO, R. J. M.", "PORTELA, R. W. D.", "SOARES, RODRIGO P."],
        "autores-endogeno": ["5557656124686682"],
        "autores-endogeno-nome": [
          {
            "5557656124686682": "Rodrigo Pedro Pinto Soares"
          }
        ],
        "tags": []
      }
    ],
    [
      {
        "titulo": "OLIGONUCLEOTÍDEOS, CONJUNTO DE OLIGONUCLEOTÍDEOS, MÉTODO PARA DETECÇÃO DE PLASMODIUM SIMIUM, KIT PARA DIAGNÓSTICO E DISCRIMINAÇÃO DE INFECÇÃO POR PLASMODIUM SIMIUM, E, SONDA",
        "ano_desenvolvimento": "2018",
        "pais": "Brasil",
        "home_page": "",
        "flag_relevancia": "NAO",
        "flag_potencial_inovacao": "SIM",
        "finalidade": "",
        "instituicao_financiadora": "",
        "categoria": "Produto",
        "tipo_patente": "PRIVILEGIO_DE_INOVACAO_PI",
        "codigo_do_registro_ou_patente": "BR1021080061879",
        "data_pedido_de_deposito": "27032018",
        "data_de_pedido_de_exame": "",
        "data_de_concessao": "",
        "instituicao_deposito_registro": "INPI - Instituto Nacional da Propriedade Industrial",
        "numero_deposito_pct": "",
        "formato_data_deposito_pct": "DDMMAAAA",
        "data_deposito_pct": "",
        "nome_do_titular": "",
        "nome_do_depositante": "Fundação Oswaldo Cruz",
        "descricao_situacao_patente": "Depósito",
        "data_situacao_patente": "27032018",
        "status_situacao_patente": "SIM",
        "autores": ["DE BRITO, CRISTIANA FERREIRA ALVES", "ALVARENGA, D. A. M.", "DANIEL-RIBEIRO, C. T.", "PINA-COSTA, A.", "BRASIL, P.", "Lourenço-de-Oliveira R", "CULLETON, R.", "HIRANO, Z. M. B.", "SOUZA-JUNIOR, J. C."],
        "autores-endogeno": ["0553918889655570"],
        "autores-endogeno-nome": [
          {
            "0553918889655570": "Cristiana Ferreira Alves de Brito"
          }
        ],
        "tags": []
      }
    ],
    [
      {
        "titulo": "Método para detectar anticorpos contra schistosoma, kit para detecção de infecção por schistosoma em uma amostra biológica, e, uso de um antígeno de schistosoma",
        "ano_desenvolvimento": "2018",
        "pais": "Brasil",
        "home_page": "",
        "flag_relevancia": "NAO",
        "flag_potencial_inovacao": "SIM",
        "finalidade": "",
        "instituicao_financiadora": "",
        "categoria": "Produto",
        "tipo_patente": "PRIVILEGIO_DE_INOVACAO_PI",
        "codigo_do_registro_ou_patente": "BR10201801323",
        "data_pedido_de_deposito": "27062018",
        "data_de_pedido_de_exame": "",
        "data_de_concessao": "",
        "instituicao_deposito_registro": "INPI - Instituto Nacional da Propriedade Industrial",
        "numero_deposito_pct": "",
        "formato_data_deposito_pct": "DDMMAAAA",
        "data_deposito_pct": "",
        "nome_do_titular": "",
        "nome_do_depositante": "Cristina Toscano Fonseca;Jerônimo Conceição Ruiz;Daniela Rezende",
        "descricao_situacao_patente": "Depósito",
        "data_situacao_patente": "27062018",
        "status_situacao_patente": "SIM",
        "autores": ["Cristina T Fonseca", "Toscano Fonseca, Cristina", "Carvalho GBF", "Ruiz JC", "REZENDE, D."],
        "autores-endogeno": ["7920312439713999"],
        "autores-endogeno-nome": [
          {
            "7920312439713999": "Cristina Toscano Fonseca"
          }
        ],
        "tags": []
      }
    ],
    [
      {
        "titulo": "Método para detectar anticorpos contra schistosoma, kit para detecção de infecção por schistosoma em uma amostra biológica, e, uso de um antígeno de schistosoma",
        "ano_desenvolvimento": "2018",
        "pais": "Brasil",
        "home_page": "",
        "flag_relevancia": "NAO",
        "flag_potencial_inovacao": "SIM",
        "finalidade": "",
        "instituicao_financiadora": "CNPq, CAPES, Fapemig, Fiocruz",
        "categoria": "Produto",
        "tipo_patente": "PRIVILEGIO_DE_INOVACAO_PI",
        "codigo_do_registro_ou_patente": "BR1020180132385",
        "data_pedido_de_deposito": "27062018",
        "data_de_pedido_de_exame": "",
        "data_de_concessao": "",
        "instituicao_deposito_registro": "INPI - Instituto Nacional da Propriedade Industrial",
        "numero_deposito_pct": "",
        "formato_data_deposito_pct": "DDMMAAAA",
        "data_deposito_pct": "",
        "nome_do_titular": "",
        "nome_do_depositante": "Ruiz, J.C.;Daniela de Melo Resende;Fundação Oswaldo Cruz",
        "descricao_situacao_patente": "Depósito",
        "data_situacao_patente": "27062018",
        "status_situacao_patente": "SIM",
        "autores": ["FONSECA, C. T.", "CARVALHO, G. B. F.", "Jeronimo Conceição Ruiz", "Ruiz, Jeronimo C", "Resende, DM"],
        "autores-endogeno": ["7769547194874833"],
        "autores-endogeno-nome": [
          {
            "7769547194874833": "Jeronimo Conceição Ruiz"
          }
        ],
        "tags": []
      }
    ],
    [
      {
        "titulo": "VACINAS COMPOSTAS DE PROTEÍNAS QUIMÉRICAS POLIEPÍTOPOS CONTRA A LEISHMANIOSE VISCERAL HUMANA E/OU CANINA",
        "ano_desenvolvimento": "2018",
        "pais": "Brasil",
        "home_page": "",
        "flag_relevancia": "NAO",
        "flag_potencial_inovacao": "SIM",
        "finalidade": "Vacina contra leishmaniose visceral canina",
        "instituicao_financiadora": "CNPq; CAPES; FAPEMIG",
        "categoria": "Produto",
        "tipo_patente": "PRIVILEGIO_DE_INOVACAO_PI",
        "codigo_do_registro_ou_patente": "BR10201800819",
        "data_pedido_de_deposito": "",
        "data_de_pedido_de_exame": "",
        "data_de_concessao": "",
        "instituicao_deposito_registro": "INPI - Instituto Nacional da Propriedade Industrial",
        "numero_deposito_pct": "221704596100",
        "formato_data_deposito_pct": "DDMMAAAA",
        "data_deposito_pct": "24042018",
        "nome_do_titular": "",
        "nome_do_depositante": "REIS, ALEXANDRE B;Jeronimo Conceição Ruiz;Universidade Federal de Ouro Preto",
        "descricao_situacao_patente": "Depósito PCT",
        "data_situacao_patente": "24042018",
        "status_situacao_patente": "SIM",
        "autores": ["BRITO, R. C. F.", "Resende, DM", "REIS, ALEXANDRE B", "REIS, A. B.", "RUIZ, J. C."],
        "autores-endogeno": ["7769547194874833"],
        "autores-endogeno-nome": [
          {
            "7769547194874833": "Jeronimo Conceição Ruiz"
          }
        ],
        "tags": []
      }
    ],
    [
      {
        "titulo": "PROCESSO PARA VACINA RECOMBINANTE CONTRA A LEISHMANIOSE VISCERAL CANINA CONTENDO O ANTÍGENO RECOMBINANTE A2 E QUE PERMITE A DISTINÇÃO SOROLÓGICA ENTRE ANIMAIS VACINADOS DE ANIMAIS INFECTADOS",
        "ano_desenvolvimento": "2018",
        "pais": "Brasil",
        "home_page": "",
        "flag_relevancia": "NAO",
        "flag_potencial_inovacao": "NAO",
        "finalidade": "",
        "instituicao_financiadora": "",
        "categoria": "Produto",
        "tipo_patente": "PRIVILEGIO_DE_INOVACAO_PI",
        "codigo_do_registro_ou_patente": "PI06034900",
        "data_pedido_de_deposito": "01022018",
        "data_de_pedido_de_exame": "",
        "data_de_concessao": "24042018",
        "instituicao_deposito_registro": "INPI - Instituto Nacional da Propriedade Industrial",
        "numero_deposito_pct": "",
        "formato_data_deposito_pct": "DDMMAAAA",
        "data_deposito_pct": "",
        "nome_do_titular": "",
        "nome_do_depositante": "",
        "descricao_situacao_patente": "Concessão",
        "data_situacao_patente": "24042018",
        "status_situacao_patente": "SIM",
        "autores": ["GAZZINELLI R", "FERNANDES, ANA P.", "ABRANTES CF", "Eduardo Antonio Ferraz Coelho"],
        "autores-endogeno": ["9148354106985023"],
        "autores-endogeno-nome": [
          {
            "9148354106985023": "Ricardo Tostes Gazzinelli"
          }
        ],
        "tags": []
      }
    ],
    [
      {
        "titulo": "Utilização de vírus influenza recombinantes e vírus vaccinia Ankara modificado (MVA) com genes que codificam para as proteínas de superfície SAG1 e SAG2 do Toxoplasma gondii como vacinas contra Toxoplasmose",
        "ano_desenvolvimento": "2018",
        "pais": "Estados Unidos",
        "home_page": "",
        "flag_relevancia": "NAO",
        "flag_potencial_inovacao": "SIM",
        "finalidade": "Desenvolvimento de vacina com vírus recombinante contra a toxoplasmose",
        "instituicao_financiadora": "CNPq, FAPEMIG",
        "categoria": "Produto e Processo",
        "tipo_patente": "PRIVILEGIO_DE_INOVACAO_PI",
        "codigo_do_registro_ou_patente": "US15/907,672",
        "data_pedido_de_deposito": "28022018",
        "data_de_pedido_de_exame": "",
        "data_de_concessao": "",
        "instituicao_deposito_registro": "United States Patent and Trademark Office",
        "numero_deposito_pct": "",
        "formato_data_deposito_pct": "DDMMAAAA",
        "data_deposito_pct": "",
        "nome_do_titular": "",
        "nome_do_depositante": "Universidade Federal de Minas Gerais",
        "descricao_situacao_patente": "Depósito",
        "data_situacao_patente": "28022018",
        "status_situacao_patente": "SIM",
        "autores": ["MACHADO, ALEXANDRE VIEIRA", "CAETANO, B. C.", "ARAUJO, E. M.", "GUIMARÃES, F. F.", "GAZZINELLI, R. T.", "BRUNA-ROMERO, O.", "BARBOSA, R. P. A."],
        "autores-endogeno": ["5804297852066640"],
        "autores-endogeno-nome": [
          {
            "5804297852066640": "Alexandre de Magalhaes Vieira Machado"
          }
        ],
        "tags": []
      }
    ],
    [
      {
        "titulo": "PRIMERS PARA DIAGNÓSTICO MOLECULAR DE LEISHMANIOSES, KIT, MÉTODO E USOS",
        "ano_desenvolvimento": "2018",
        "pais": "Brasil",
        "home_page": "",
        "flag_relevancia": "NAO",
        "flag_potencial_inovacao": "SIM",
        "finalidade": "",
        "instituicao_financiadora": "",
        "categoria": "Produto",
        "tipo_patente": "PRIVILEGIO_DE_INOVACAO_PI",
        "codigo_do_registro_ou_patente": "BR10201800344",
        "data_pedido_de_deposito": "22022018",
        "data_de_pedido_de_exame": "",
        "data_de_concessao": "",
        "instituicao_deposito_registro": "INPI - Instituto Nacional da Propriedade Industrial",
        "numero_deposito_pct": "",
        "formato_data_deposito_pct": "DDMMAAAA",
        "data_deposito_pct": "",
        "nome_do_titular": "",
        "nome_do_depositante": "Universidade Federal de Minas Gerais",
        "descricao_situacao_patente": "Depósito",
        "data_situacao_patente": "22022018",
        "status_situacao_patente": "SIM",
        "autores": ["BARTHOLOMEU, D. C.", "BENTO, G. A.", "CARDOSO, M. S.", "LUIZ, G. F. R.", "FUJIWARA, R. T.", "SANTANNA, M. R. V.", "BUENO, L. L.", "GONTIJO, C.M.F."],
        "autores-endogeno": ["7004385035447880"],
        "autores-endogeno-nome": [
          {
            "7004385035447880": "Celia Maria Ferreira Gontijo"
          }
        ],
        "tags": []
      }
    ],
    [
      {
        "titulo": "Qualitative predictive method for differential diagnosis of pneumococcic, meningococcic and viral meningitis, differential meningitis diagnostic method and kit",
        "ano_desenvolvimento": "2016",
        "pais": "África do Sul",
        "home_page": "",
        "flag_relevancia": "NAO",
        "flag_potencial_inovacao": "SIM",
        "finalidade": "",
        "instituicao_financiadora": "",
        "categoria": "Produto e Processo",
        "tipo_patente": "PRIVILEGIO_DE_INOVACAO_PI",
        "codigo_do_registro_ou_patente": "ZA3112867",
        "data_pedido_de_deposito": "08092016",
        "data_de_pedido_de_exame": "",
        "data_de_concessao": "30052018",
        "instituicao_deposito_registro": "Companies and Intelectual Property Commission (CIPC)",
        "numero_deposito_pct": "2015000021",
        "formato_data_deposito_pct": "DDMMAAAA",
        "data_deposito_pct": "",
        "nome_do_titular": "",
        "nome_do_depositante": "Fundação Oswaldo Cruz",
        "descricao_situacao_patente": "Concessão",
        "data_situacao_patente": "30052018",
        "status_situacao_patente": "SIM",
        "autores": ["Pereira, R.A.S.", "CORDEIRO, A. P.", "OLIVEIRA, G.", "COIMBRA, RONEY SANTOS"],
        "autores-endogeno": ["3118219944250108"],
        "autores-endogeno-nome": [
          {
            "3118219944250108": "Roney Santos Coimbra"
          }
        ],
        "tags": []
      }
    ],
    [
      {
        "titulo": "KIT E MÉTODO PARA DIAGNÓSTICO MOLECULAR DIFERENCIAL DE TREMATÓDEOS",
        "ano_desenvolvimento": "2018",
        "pais": "Brasil",
        "home_page": "",
        "flag_relevancia": "NAO",
        "flag_potencial_inovacao": "SIM",
        "finalidade": "Diagnóstico",
        "instituicao_financiadora": "",
        "categoria": "Produto",
        "tipo_patente": "PRIVILEGIO_DE_INOVACAO_PI",
        "codigo_do_registro_ou_patente": "BR10201800343",
        "data_pedido_de_deposito": "",
        "data_de_pedido_de_exame": "",
        "data_de_concessao": "",
        "instituicao_deposito_registro": "INPI - Instituto Nacional da Propriedade Industrial",
        "numero_deposito_pct": "3158861707217459",
        "formato_data_deposito_pct": "DDMMAAAA",
        "data_deposito_pct": "22022018",
        "nome_do_titular": "",
        "nome_do_depositante": "Universidade Federal de Minas Gerais",
        "descricao_situacao_patente": "Depósito PCT",
        "data_situacao_patente": "22022018",
        "status_situacao_patente": "SIM",
        "autores": ["Bartholomeu, DC", "Mesquita, S. G.", "Luiz, GFR", "Pinto, HA", "Ricardo Fujiwara", "Bueno, LL", "Cunha, JLR", "CALDEIRA, R. L."],
        "autores-endogeno": ["1735242943698067"],
        "autores-endogeno-nome": [
          {
            "1735242943698067": "Roberta Lima Caldeira"
          }
        ],
        "tags": []
      }
    ]
  ],
  "2019": [
    [
      {
        "titulo": "Vaccine Immunogens",
        "ano_desenvolvimento": "2019",
        "pais": "Inglaterra",
        "home_page": "",
        "flag_relevancia": "NAO",
        "flag_potencial_inovacao": "SIM",
        "finalidade": "",
        "instituicao_financiadora": "",
        "categoria": "Produto",
        "tipo_patente": "PRIVILEGIO_DE_INOVACAO_PI",
        "codigo_do_registro_ou_patente": "1200368922",
        "data_pedido_de_deposito": "10052019",
        "data_de_pedido_de_exame": "",
        "data_de_concessao": "",
        "instituicao_deposito_registro": "UK Patent Office",
        "numero_deposito_pct": "202005114",
        "formato_data_deposito_pct": "DDMMAAAA",
        "data_deposito_pct": "11052020",
        "nome_do_titular": "",
        "nome_do_depositante": "Adrian V Hill;Camila Raquel Rodrigues Barbosa;Paulo Jorge Gonc&#807;alves de Bettencourt;Fundação Oswaldo Cruz;University of Oxford",
        "descricao_situacao_patente": "Depósito",
        "data_situacao_patente": "10052019",
        "status_situacao_patente": "SIM",
        "autores": ["JUNQUEIRA, C", "HILL, A. V.", "BARBOSA, C. R. R.", "BETTENCOURT, P. J. G. D."],
        "autores-endogeno": ["9405337414047265"],
        "autores-endogeno-nome": [
          {
            "9405337414047265": "Caroline Furtado Junqueira"
          }
        ],
        "tags": []
      }
    ],
    [
      {
        "titulo": "Composições Farmacêuticas Tripanocidas e Uso",
        "ano_desenvolvimento": "2019",
        "pais": "Brasil",
        "home_page": "",
        "flag_relevancia": "NAO",
        "flag_potencial_inovacao": "SIM",
        "finalidade": "",
        "instituicao_financiadora": "",
        "categoria": "Produto",
        "tipo_patente": "MODELO_DE_UTILIDADE_MU",
        "codigo_do_registro_ou_patente": "BR10201901013",
        "data_pedido_de_deposito": "17052019",
        "data_de_pedido_de_exame": "",
        "data_de_concessao": "",
        "instituicao_deposito_registro": "INPI - Instituto Nacional da Propriedade Industrial",
        "numero_deposito_pct": "",
        "formato_data_deposito_pct": "DDMMAAAA",
        "data_deposito_pct": "",
        "nome_do_titular": "",
        "nome_do_depositante": ": Renata Barbosa de Oliveira;Silvane Maria Fonseca Murta;Universidade Federal de Minas Gerais",
        "descricao_situacao_patente": "Depósito",
        "data_situacao_patente": "17052019",
        "status_situacao_patente": "SIM",
        "autores": ["BARBOSA DE OLIVEIRA, RENATA", "Oliveira R. B.", "Silva I. R.", "MURTA, S.M.F.", "Tonholo D. R.", "Tagliati C. A.", "SALES JUNIOR, P. A."],
        "autores-endogeno": ["8285043752158198"],
        "autores-endogeno-nome": [
          {
            "8285043752158198": "Silvane Maria Fonseca Murta"
          }
        ],
        "tags": []
      }
    ],
    [
      {
        "titulo": "PROCESSO PARA TESTE IMUNOENZIMÁTICO A SER UTILIZADO NA DETECÇÃO DE IMUNOGLOBULINAS G, M OU A ESPECIFICAS PARA PROTEINAS OU GLICOLIPIDEOS PURIFICADAS DA SUPERFICIE DA FORMA TAQUIZOITA DA PARASITA TOXOPLASMA GONDII E NO DIAGNOSTICO DA TOXOPLASMOSE CRÔNICA, AGUDA OU ACULAR",
        "ano_desenvolvimento": "2019",
        "pais": "Brasil",
        "home_page": "",
        "flag_relevancia": "NAO",
        "flag_potencial_inovacao": "NAO",
        "finalidade": "",
        "instituicao_financiadora": "",
        "categoria": "Produto",
        "tipo_patente": "PRIVILEGIO_DE_INOVACAO_PI",
        "codigo_do_registro_ou_patente": "PI04022297",
        "data_pedido_de_deposito": "01022019",
        "data_de_pedido_de_exame": "",
        "data_de_concessao": "09042019",
        "instituicao_deposito_registro": "INPI - Instituto Nacional da Propriedade Industrial",
        "numero_deposito_pct": "",
        "formato_data_deposito_pct": "DDMMAAAA",
        "data_deposito_pct": "",
        "nome_do_titular": "",
        "nome_do_depositante": "",
        "descricao_situacao_patente": "Depósito",
        "data_situacao_patente": "01022019",
        "status_situacao_patente": "SIM",
        "autores": ["GAZZINELLI R", "RESENDE JUNIOR, L.", "PORTELA, Ricardo Wagner Dias"],
        "autores-endogeno": ["9148354106985023"],
        "autores-endogeno-nome": [
          {
            "9148354106985023": "Ricardo Tostes Gazzinelli"
          }
        ],
        "tags": []
      }
    ],
    [
      {
        "titulo": "SEQÜENCIA GENETICAMENTE MODIFICADA DO ANTÍGENO DBP (AM) DE PLASMODIUM VIVAX, PROTEÍNA RECOMBINANTE DBP E ADENOVÍRUS GENETICAMENTE MODIFICADO QUE EXPRESSA O ANTÍGENO DBP RECOMBINANTE",
        "ano_desenvolvimento": "2019",
        "pais": "Brasil",
        "home_page": "",
        "flag_relevancia": "NAO",
        "flag_potencial_inovacao": "NAO",
        "finalidade": "",
        "instituicao_financiadora": "",
        "categoria": "Produto",
        "tipo_patente": "PRIVILEGIO_DE_INOVACAO_PI",
        "codigo_do_registro_ou_patente": "PI07047304",
        "data_pedido_de_deposito": "01022019",
        "data_de_pedido_de_exame": "",
        "data_de_concessao": "04062019",
        "instituicao_deposito_registro": "INPI - Instituto Nacional da Propriedade Industrial",
        "numero_deposito_pct": "",
        "formato_data_deposito_pct": "DDMMAAAA",
        "data_deposito_pct": "",
        "nome_do_titular": "",
        "nome_do_depositante": "",
        "descricao_situacao_patente": "Depósito",
        "data_situacao_patente": "01022019",
        "status_situacao_patente": "SIM",
        "autores": ["GAZZINELLI R", "BRITO, Cristiana F Alves de", "CASTELUBER, M. C. F.", "BRUNA-ROMERO, O."],
        "autores-endogeno": ["9148354106985023"],
        "autores-endogeno-nome": [
          {
            "9148354106985023": "Ricardo Tostes Gazzinelli"
          }
        ],
        "tags": []
      }
    ],
    [
      {
        "titulo": "SEQÜÊNCIA GENETICAMENTE MODIFICADA DO ANTÍGENO AMA-1 DE PLASMODIUM VIVAX, PROTEÍNA RECOMBINANTE AMA-1 E ADENOVÍRUS GENETICAMENTE MODIFICADO QUE EXPRESSA O ANTÍGENO AMA-1 RECOMBINANTE",
        "ano_desenvolvimento": "2019",
        "pais": "Brasil",
        "home_page": "",
        "flag_relevancia": "NAO",
        "flag_potencial_inovacao": "NAO",
        "finalidade": "",
        "instituicao_financiadora": "",
        "categoria": "Produto",
        "tipo_patente": "PRIVILEGIO_DE_INOVACAO_PI",
        "codigo_do_registro_ou_patente": "PI07060033",
        "data_pedido_de_deposito": "02022019",
        "data_de_pedido_de_exame": "",
        "data_de_concessao": "08102019",
        "instituicao_deposito_registro": "INPI - Instituto Nacional da Propriedade Industrial",
        "numero_deposito_pct": "",
        "formato_data_deposito_pct": "DDMMAAAA",
        "data_deposito_pct": "",
        "nome_do_titular": "",
        "nome_do_depositante": "",
        "descricao_situacao_patente": "Depósito",
        "data_situacao_patente": "02022019",
        "status_situacao_patente": "SIM",
        "autores": ["GAZZINELLI R", "SOARES, I.", "BOUILLET, L. E. M.", "BRUNA-ROMERO, O."],
        "autores-endogeno": ["9148354106985023"],
        "autores-endogeno-nome": [
          {
            "9148354106985023": "Ricardo Tostes Gazzinelli"
          }
        ],
        "tags": []
      }
    ],
    [
      {
        "titulo": "SEQÜÊNCIA GENETICAMENTE MODIFICADA DO ANTÍGENO DBP (MT) DE PLASMODIUM VIVAX, PROTEÍNA RECOMBINANTE DBP E ADENOVÍRUS GENETICAMENTE MODIFICADO QUE EXPRESSA O ANTÍGENO DBP RECOMBINANTE",
        "ano_desenvolvimento": "2019",
        "pais": "Brasil",
        "home_page": "",
        "flag_relevancia": "NAO",
        "flag_potencial_inovacao": "NAO",
        "finalidade": "",
        "instituicao_financiadora": "",
        "categoria": "Produto",
        "tipo_patente": "PRIVILEGIO_DE_INOVACAO_PI",
        "codigo_do_registro_ou_patente": "PI07060041",
        "data_pedido_de_deposito": "02032019",
        "data_de_pedido_de_exame": "",
        "data_de_concessao": "08102019",
        "instituicao_deposito_registro": "INPI - Instituto Nacional da Propriedade Industrial",
        "numero_deposito_pct": "",
        "formato_data_deposito_pct": "DDMMAAAA",
        "data_deposito_pct": "",
        "nome_do_titular": "",
        "nome_do_depositante": "Ricardo Tostes Gazzinelli",
        "descricao_situacao_patente": "Depósito",
        "data_situacao_patente": "02032019",
        "status_situacao_patente": "SIM",
        "autores": ["BRITO, Cristiana F Alves de", "GAZZINELLI R", "CASTELUBER, M. C.", "BRUNA-ROMERO, O."],
        "autores-endogeno": ["9148354106985023"],
        "autores-endogeno-nome": [
          {
            "9148354106985023": "Ricardo Tostes Gazzinelli"
          }
        ],
        "tags": []
      }
    ],
    [
      {
        "titulo": "USO DE ANTAGONISTAS DO RECEPTOR FATOR DE ATIVAÇÃO PLAQUETÁRIA PARA O TRATAMENTO INFECÇÕES CAUSADAS PELO VÍRUS INFLUENZA",
        "ano_desenvolvimento": "2019",
        "pais": "Brasil",
        "home_page": "",
        "flag_relevancia": "NAO",
        "flag_potencial_inovacao": "NAO",
        "finalidade": "",
        "instituicao_financiadora": "",
        "categoria": "Produto",
        "tipo_patente": "PRIVILEGIO_DE_INOVACAO_PI",
        "codigo_do_registro_ou_patente": "PI07055862",
        "data_pedido_de_deposito": "02032019",
        "data_de_pedido_de_exame": "",
        "data_de_concessao": "10122019",
        "instituicao_deposito_registro": "INPI - Instituto Nacional da Propriedade Industrial",
        "numero_deposito_pct": "",
        "formato_data_deposito_pct": "DDMMAAAA",
        "data_deposito_pct": "",
        "nome_do_titular": "",
        "nome_do_depositante": "",
        "descricao_situacao_patente": "Depósito",
        "data_situacao_patente": "02032019",
        "status_situacao_patente": "SIM",
        "autores": ["GAZZINELLI R", "MACHADO, A. M. V.", "GARCIA, CRISTIANA COUTO", "TEIXEIRA, Mauro Martins", "RUSSO . RDC"],
        "autores-endogeno": ["9148354106985023"],
        "autores-endogeno-nome": [
          {
            "9148354106985023": "Ricardo Tostes Gazzinelli"
          }
        ],
        "tags": []
      }
    ],
    [
      {
        "titulo": "Qualitative predictive method for differential diagnosis of pneumococcic, meningococcic and viral meningitis, differential meningitis diagnostic method and kit",
        "ano_desenvolvimento": "2016",
        "pais": "Brasil",
        "home_page": "",
        "flag_relevancia": "NAO",
        "flag_potencial_inovacao": "SIM",
        "finalidade": "",
        "instituicao_financiadora": "",
        "categoria": "Produto e Processo",
        "tipo_patente": "PRIVILEGIO_DE_INOVACAO_PI",
        "codigo_do_registro_ou_patente": "EP3112867(BE)",
        "data_pedido_de_deposito": "26092016",
        "data_de_pedido_de_exame": "",
        "data_de_concessao": "03062019",
        "instituicao_deposito_registro": "The Belgian Intellectual Property Office (IPObel)",
        "numero_deposito_pct": "2015000021",
        "formato_data_deposito_pct": "DDMMAAAA",
        "data_deposito_pct": "",
        "nome_do_titular": "",
        "nome_do_depositante": "",
        "descricao_situacao_patente": "Concessão",
        "data_situacao_patente": "03062019",
        "status_situacao_patente": "SIM",
        "autores": ["Pereira, R.A.S.", "OLIVEIRA, G.", "CORDEIRO, A. P.", "Coimbra, R.S."],
        "autores-endogeno": ["3118219944250108"],
        "autores-endogeno-nome": [
          {
            "3118219944250108": "Roney Santos Coimbra"
          }
        ],
        "tags": []
      }
    ],
    [
      {
        "titulo": "Qualitative predictive method for differential diagnosis of pneumococcic, meningococcic and viral meningitis, differential meningitis diagnostic method and kit",
        "ano_desenvolvimento": "2016",
        "pais": "Suiça",
        "home_page": "",
        "flag_relevancia": "NAO",
        "flag_potencial_inovacao": "SIM",
        "finalidade": "",
        "instituicao_financiadora": "",
        "categoria": "Produto e Processo",
        "tipo_patente": "PRIVILEGIO_DE_INOVACAO_PI",
        "codigo_do_registro_ou_patente": "EP3112867(CH)",
        "data_pedido_de_deposito": "26092016",
        "data_de_pedido_de_exame": "",
        "data_de_concessao": "15032019",
        "instituicao_deposito_registro": "Swiss Federal Institute of Intellectual Property",
        "numero_deposito_pct": "2015000021",
        "formato_data_deposito_pct": "DDMMAAAA",
        "data_deposito_pct": "",
        "nome_do_titular": "",
        "nome_do_depositante": "",
        "descricao_situacao_patente": "Concessão",
        "data_situacao_patente": "15032019",
        "status_situacao_patente": "SIM",
        "autores": ["Pereira, R.A.S.", "OLIVEIRA, G.", "CORDEIRO, A. P.", "Coimbra, R.S."],
        "autores-endogeno": ["3118219944250108"],
        "autores-endogeno-nome": [
          {
            "3118219944250108": "Roney Santos Coimbra"
          }
        ],
        "tags": []
      }
    ],
    [
      {
        "titulo": "PROTEÍNA QUIMÉRICA, SEU MÉTODO PARA PRODUÇÃO E USO, BEM COMO MOLÉCULA DE ÁCIDO NUCLEICO, CASSETE DE EXPRESSÃO, VETOR DE EXPRESSÃO, CÉLULA HOSPEDEIRA, COMPOSIÇÃO PARA DIAGNÓSTICO DE LEISHMANIOSE, KIT DE DIAGNÓSTICO DE LEISHMANIOSE E MÉTODO DE DIAGNÓSTICO DE LEISHMANIOSE IN VITRO",
        "ano_desenvolvimento": "2019",
        "pais": "Brasil",
        "home_page": "",
        "flag_relevancia": "NAO",
        "flag_potencial_inovacao": "NAO",
        "finalidade": "",
        "instituicao_financiadora": "",
        "categoria": "Produto",
        "tipo_patente": "PRIVILEGIO_DE_INOVACAO_PI",
        "codigo_do_registro_ou_patente": "BR1020190036397",
        "data_pedido_de_deposito": "22022019",
        "data_de_pedido_de_exame": "",
        "data_de_concessao": "",
        "instituicao_deposito_registro": "INPI - Instituto Nacional da Propriedade Industrial",
        "numero_deposito_pct": "",
        "formato_data_deposito_pct": "DDMMAAAA",
        "data_deposito_pct": "",
        "nome_do_titular": "",
        "nome_do_depositante": "SANTOS, WAGNER J. T.;TAVARES, DIEGO H. C.;Antonio Mauro Rezende;NASCIMENTO, MARÍLIA B.;Fundação Oswaldo Cruz",
        "descricao_situacao_patente": "Depósito",
        "data_situacao_patente": "22022019",
        "status_situacao_patente": "SIM",
        "autores": ["MELO NETO, O. P.", "SANTOS, WAGNER J. T.", "CASTRO NETO, ARTUR L.", "MAGALHÃES, FRANKLIN B.", "TAVARES, DIEGO H. C.", "DE REZENDE, ANTÔNIO MAURO", "NASCIMENTO, MARÍLIA B."],
        "autores-endogeno": ["8641629843495094"],
        "autores-endogeno-nome": [
          {
            "8641629843495094": "Antonio Mauro Rezende"
          }
        ],
        "tags": []
      }
    ],
    [
      {
        "titulo": "Qualitative predictive method for differential diagnosis of pneumococcal, meningococcal and viral meningitis, method and kit for differential diagnosis of meningitis",
        "ano_desenvolvimento": "2019",
        "pais": "Estados Unidos",
        "home_page": "",
        "flag_relevancia": "NAO",
        "flag_potencial_inovacao": "SIM",
        "finalidade": "",
        "instituicao_financiadora": "",
        "categoria": "Produto",
        "tipo_patente": "PRIVILEGIO_DE_INOVACAO_PI",
        "codigo_do_registro_ou_patente": "US10.788.501",
        "data_pedido_de_deposito": "20062019",
        "data_de_pedido_de_exame": "",
        "data_de_concessao": "29092020",
        "instituicao_deposito_registro": "United States Patent and Trademark Office",
        "numero_deposito_pct": "2015000021",
        "formato_data_deposito_pct": "DDMMAAAA",
        "data_deposito_pct": "",
        "nome_do_titular": "",
        "nome_do_depositante": "Fundação de Amparo à Pesquisa do Estado de Minas Gerais",
        "descricao_situacao_patente": "Depósito",
        "data_situacao_patente": "20062019",
        "status_situacao_patente": "SIM",
        "autores": ["COIMBRA, R. S.", "SILVA-PEREIRA, ROSIANE A.", "OLIVEIRA, G. C.", "CORDEIRO, A. P."],
        "autores-endogeno": ["6405912413079760"],
        "autores-endogeno-nome": [
          {
            "6405912413079760": "Rosiane Aparecida da Silva Pereira"
          }
        ],
        "tags": []
      }
    ]
  ],
  "2020": [
    [
      {
        "titulo": "MÉTODO PARA DIAGNÓSTICO OU PROGNÓSTICO DE INFECÇÃO POR HTLV-1 E/OU HTLV-2, E, KIT PARA DIAGNÓSTICO DE INFECÇÃO POR HTLV-1 E/OU HTLV-2 POR CITOMETRIA DE FLUXO",
        "ano_desenvolvimento": "2020",
        "pais": "Brasil",
        "home_page": "",
        "flag_relevancia": "NAO",
        "flag_potencial_inovacao": "SIM",
        "finalidade": "",
        "instituicao_financiadora": "",
        "categoria": "Produto",
        "tipo_patente": "PRIVILEGIO_DE_INOVACAO_PI",
        "codigo_do_registro_ou_patente": "BR1020200099116",
        "data_pedido_de_deposito": "18052020",
        "data_de_pedido_de_exame": "",
        "data_de_concessao": "",
        "instituicao_deposito_registro": "INPI - Instituto Nacional da Propriedade Industrial",
        "numero_deposito_pct": "",
        "formato_data_deposito_pct": "DDMMAAAA",
        "data_deposito_pct": "",
        "nome_do_titular": "",
        "nome_do_depositante": "MARTINS-FILHO, OLINDO;Universidade de São Paulo;Fundação Hemominas",
        "descricao_situacao_patente": "Depósito",
        "data_situacao_patente": "18052020",
        "status_situacao_patente": "SIM",
        "autores": ["MARTINS FILHO, O. A.", "MARTINS-FILHO, OLINDO", "PERUHYPE-MAGALH'ES, VANESSA", "Coelho-dos-Reis JG", "PAIVA, L. P.", "TRINDADE, B. C.", "TEIXEIRA-CARVALHO, A.", "BICALHO, K. C.", "CARNEIRO-PROIETII, A. B.", "SABINO, ESTER CERDEIRA", "ALCANTARA, L. C."],
        "autores-endogeno": ["9698329171140813", "7428560072021675", "6260226537155026"],
        "autores-endogeno-nome": [
          {
            "9698329171140813": "Vanessa Peruhype Magalhães Pascoal",
            "7428560072021675": "Luiz Carlos Júnior Alcantara",
            "6260226537155026": "Olindo Assis Martins Filho"
          }
        ],
        "tags": []
      }
    ],
    [
      {
        "titulo": "CONSTRUÇÃO DE ÁCIDO NUCLEICO, VIRUS INFLUENZA RECOMBINANTE, MÉTODO PARA PREPARAR UM VIRUS INFLUENZA RECOMBINANTE, COMPOSIÇÃO, E, USO",
        "ano_desenvolvimento": "2020",
        "pais": "Brasil",
        "home_page": "",
        "flag_relevancia": "NAO",
        "flag_potencial_inovacao": "SIM",
        "finalidade": "",
        "instituicao_financiadora": "",
        "categoria": "Produto",
        "tipo_patente": "MODELO_DE_UTILIDADE_MU",
        "codigo_do_registro_ou_patente": "BR1020200102087",
        "data_pedido_de_deposito": "21052020",
        "data_de_pedido_de_exame": "",
        "data_de_concessao": "",
        "instituicao_deposito_registro": "INPI - Instituto Nacional da Propriedade Industrial",
        "numero_deposito_pct": "",
        "formato_data_deposito_pct": "DDMMAAAA",
        "data_deposito_pct": "",
        "nome_do_titular": "",
        "nome_do_depositante": "Machado AV; CARVALHO; XAVIER, M.;GONCALVES, A. P. F.; SILVA, S. G.;Márcio Sobreira Silva Araújo;Kimberly Freitas Cardoso",
        "descricao_situacao_patente": "Depósito",
        "data_situacao_patente": "21052020",
        "status_situacao_patente": "SIM",
        "autores": ["A.V. Machado", "CARVALHO, M. A.", "K. R. A. ", " XAVIER, M.", "Giarola da Silva, S.", "Araújo, M. S. S.", "GONCALVES, A. P. F.", "GONCALVES1, A. P. F.", "SILVA, S. G.", "ARAÚJO, M.S.S.", "CARDOSO, K. F."],
        "autores-endogeno": ["2634004612117298"],
        "autores-endogeno-nome": [
          {
            "2634004612117298": "Márcio Sobreira Silva Araújo"
          }
        ],
        "tags": []
      }
    ],
    [
      {
        "titulo": "COMPOSIÇÃO FARMACÊUTICA LEISHMANICIDA COMPREENDENDO LETROZOL E USO",
        "ano_desenvolvimento": "2020",
        "pais": "Brasil",
        "home_page": "",
        "flag_relevancia": "NAO",
        "flag_potencial_inovacao": "SIM",
        "finalidade": "Patente de invenção",
        "instituicao_financiadora": "UFMG; IRR/Fiocruz",
        "categoria": "Processo",
        "tipo_patente": "MODELO_DE_UTILIDADE_MU",
        "codigo_do_registro_ou_patente": "BR1020200053272",
        "data_pedido_de_deposito": "17032020",
        "data_de_pedido_de_exame": "",
        "data_de_concessao": "",
        "instituicao_deposito_registro": "INPI - Instituto Nacional da Propriedade Industrial",
        "numero_deposito_pct": "",
        "formato_data_deposito_pct": "DDMMAAAA",
        "data_deposito_pct": "",
        "nome_do_titular": "",
        "nome_do_depositante": "Universidade Federal de Minas Gerais",
        "descricao_situacao_patente": "Depósito",
        "data_situacao_patente": "17032020",
        "status_situacao_patente": "SIM",
        "autores": ["FAGUNDES, E. M. S.", "RIBEIRO JM", "PERUHYPE-MAGALHÃES, VANESSA", "Teixeira Andrea", "GIUNCHETTI, R. C.", "Murta, Silvane MF"],
        "autores-endogeno": ["8285043752158198", "9698329171140813"],
        "autores-endogeno-nome": [
          {
            "8285043752158198": "Silvane Maria Fonseca Murta",
            "9698329171140813": "Vanessa Peruhype Magalhães Pascoal"
          }
        ],
        "tags": []
      }
    ],
    [
      {
        "titulo": "Nanobastões de ouro sintetizados com polifenóis naturais, processo de produção e usos",
        "ano_desenvolvimento": "2020",
        "pais": "Brasil",
        "home_page": "",
        "flag_relevancia": "NAO",
        "flag_potencial_inovacao": "SIM",
        "finalidade": "",
        "instituicao_financiadora": "",
        "categoria": "Processo",
        "tipo_patente": "PRIVILEGIO_DE_INOVACAO_PI",
        "codigo_do_registro_ou_patente": "BR1020200243241",
        "data_pedido_de_deposito": "27112020",
        "data_de_pedido_de_exame": "",
        "data_de_concessao": "",
        "instituicao_deposito_registro": "INPI - Instituto Nacional da Propriedade Industrial",
        "numero_deposito_pct": "",
        "formato_data_deposito_pct": "DDMMAAAA",
        "data_deposito_pct": "",
        "nome_do_titular": "",
        "nome_do_depositante": "Universidade Federal de Minas Gerais",
        "descricao_situacao_patente": "Depósito",
        "data_situacao_patente": "27112020",
        "status_situacao_patente": "SIM",
        "autores": ["Lage, Anna Carolina Pinheiro", "Monte-Neto, Rubens Lima do", "Faraco, André Augusto Gomes", "Ladeira, Luis Orlando", "Santos, Daniel de Assis", "Carmo, Paulo Henrique Fonseca", "Castilho, Rachel O.", "Amorim, Juliana Mendes", "Tunes, Luiza G.", "Moreira, Paulo Otávio"],
        "autores-endogeno": ["2817016666672297"],
        "autores-endogeno-nome": [
          {
            "2817016666672297": "Rubens Lima do Monte Neto"
          }
        ],
        "tags": []
      }
    ],
    [
      {
        "titulo": "Dispositivo e método de ensaios LAMP que promove a amplificação isotérmica de RNA/DNA aplicada a identificação de patógenos",
        "ano_desenvolvimento": "2020",
        "pais": "Brasil",
        "home_page": "",
        "flag_relevancia": "NAO",
        "flag_potencial_inovacao": "SIM",
        "finalidade": "",
        "instituicao_financiadora": "",
        "categoria": "Produto",
        "tipo_patente": "PRIVILEGIO_DE_INOVACAO_PI",
        "codigo_do_registro_ou_patente": "BR1020200166620",
        "data_pedido_de_deposito": "14082020",
        "data_de_pedido_de_exame": "",
        "data_de_concessao": "",
        "instituicao_deposito_registro": "INPI - Instituto Nacional da Propriedade Industrial",
        "numero_deposito_pct": "",
        "formato_data_deposito_pct": "DDMMAAAA",
        "data_deposito_pct": "",
        "nome_do_titular": "",
        "nome_do_depositante": "Henrique Resende Martins;Denilson Laudares;Angelo Zandona;Bruno Avelar",
        "descricao_situacao_patente": "Depósito",
        "data_situacao_patente": "14082020",
        "status_situacao_patente": "SIM",
        "autores": ["MONTE NETO, R. L.", "MARTINS, H. R.", "ALVES, P. A.", "NEVES, H. P.", "LAUDARES, D.", "ZANDONA, A.", "AVELAR, B."],
        "autores-endogeno": ["6935282825820547", "2817016666672297"],
        "autores-endogeno-nome": [
          {
            "6935282825820547": "Pedro Augusto Alves",
            "2817016666672297": "Rubens Lima do Monte Neto"
          }
        ],
        "tags": []
      }
    ],
    [
      {
        "titulo": "COMPOSIÇÃO VACINAL PARA CONTROLE DE MOSQUITOS ANOPHELES E USO",
        "ano_desenvolvimento": "2020",
        "pais": "Brasil",
        "home_page": "",
        "flag_relevancia": "NAO",
        "flag_potencial_inovacao": "NAO",
        "finalidade": "",
        "instituicao_financiadora": "",
        "categoria": "Produto",
        "tipo_patente": "PRIVILEGIO_DE_INOVACAO_PI",
        "codigo_do_registro_ou_patente": "BR10202001786",
        "data_pedido_de_deposito": "01092020",
        "data_de_pedido_de_exame": "",
        "data_de_concessao": "",
        "instituicao_deposito_registro": "INPI - Instituto Nacional da Propriedade Industrial",
        "numero_deposito_pct": "",
        "formato_data_deposito_pct": "DDMMAAAA",
        "data_deposito_pct": "",
        "nome_do_titular": "",
        "nome_do_depositante": "Universidade Federal de Minas Gerais",
        "descricao_situacao_patente": "Depósito",
        "data_situacao_patente": "01092020",
        "status_situacao_patente": "SIM",
        "autores": ["GIUNCHETTI, R. C.", "MARIANO, R. M. S.", "DUTRA, W. O.", "PIMENTA, PAULO", "SECUNDINO, N.F.C.", "COSTA, B. A.", "Alessandra da Silva orfanó", "OLIVEIRA, R. C.", "GIUNCHETTI, D. S. L."],
        "autores-endogeno": ["4592140991723664", "0641258278314799"],
        "autores-endogeno-nome": [
          {
            "4592140991723664": "Paulo Filemon Paolucci Pimenta",
            "0641258278314799": "Nagila Francinete Costa Secundino"
          }
        ],
        "tags": []
      }
    ],
    [
      {
        "titulo": "FORMULAÇÃO VACINAL ANTITUMORAL BASEADA EM NANOTUBOS DE CARBONO E USO",
        "ano_desenvolvimento": "2020",
        "pais": "Brasil",
        "home_page": "",
        "flag_relevancia": "NAO",
        "flag_potencial_inovacao": "NAO",
        "finalidade": "",
        "instituicao_financiadora": "",
        "categoria": "Produto",
        "tipo_patente": "PRIVILEGIO_DE_INOVACAO_PI",
        "codigo_do_registro_ou_patente": "BR1020120335808",
        "data_pedido_de_deposito": "02012020",
        "data_de_pedido_de_exame": "",
        "data_de_concessao": "04022020",
        "instituicao_deposito_registro": "INPI - Instituto Nacional da Propriedade Industrial",
        "numero_deposito_pct": "",
        "formato_data_deposito_pct": "DDMMAAAA",
        "data_deposito_pct": "",
        "nome_do_titular": "",
        "nome_do_depositante": "",
        "descricao_situacao_patente": "Concessão",
        "data_situacao_patente": "04022020",
        "status_situacao_patente": "SIM",
        "autores": ["GAZZINELLI R", "LADEIRA L O", "FURTADO C A", "FARIA, P. C"],
        "autores-endogeno": ["9148354106985023"],
        "autores-endogeno-nome": [
          {
            "9148354106985023": "Ricardo Tostes Gazzinelli"
          }
        ],
        "tags": []
      }
    ],
    [
      {
        "titulo": "CONSTRUÇÃO DE ÁCIDO NUCLEICO, VIRUS INFLUENZA RECOMBINANTE, MÉTODO PARA PREPARAR UM VIRUS INFLUENZA RECOMBINANTE, COMPOSIÇÃO, E, USO",
        "ano_desenvolvimento": "2020",
        "pais": "Brasil",
        "home_page": "",
        "flag_relevancia": "NAO",
        "flag_potencial_inovacao": "SIM",
        "finalidade": "",
        "instituicao_financiadora": "",
        "categoria": "Produto",
        "tipo_patente": "PRIVILEGIO_DE_INOVACAO_PI",
        "codigo_do_registro_ou_patente": "BR10202001020",
        "data_pedido_de_deposito": "21052020",
        "data_de_pedido_de_exame": "",
        "data_de_concessao": "",
        "instituicao_deposito_registro": "INPI - Instituto Nacional da Propriedade Industrial",
        "numero_deposito_pct": "",
        "formato_data_deposito_pct": "DDMMAAAA",
        "data_deposito_pct": "",
        "nome_do_titular": "",
        "nome_do_depositante": "Alexandre de Magalhaes Vieira Machado",
        "descricao_situacao_patente": "Depósito",
        "data_situacao_patente": "21052020",
        "status_situacao_patente": "SIM",
        "autores": ["CARVALHO, :. K. R. A.", "Machado AV", "TAVARES, L. P.", "ALVES, P. A.", "XAVIER, M.", "GONCALVES1, A. P. F.", "SILVA, S. G.", "FAUSTINO, L. P.", "PEREIRA, I. A.", "PAULA, I. E. S.", "ARAUJO, M. S. S."],
        "autores-endogeno": ["5804297852066640", "6935282825820547", "2430268236881898"],
        "autores-endogeno-nome": [
          {
            "5804297852066640": "Alexandre de Magalhaes Vieira Machado",
            "6935282825820547": "Pedro Augusto Alves",
            "2430268236881898": "Marcelo Antonio Pascoal Xavier"
          }
        ],
        "tags": []
      }
    ],
    [
      {
        "titulo": "Qualitative predictive method for differential diagnosis of pneumococcic, meningococcic and viral meningitis, differential meningitis diagnostic method and kit",
        "ano_desenvolvimento": "2016",
        "pais": "Estados Unidos",
        "home_page": "",
        "flag_relevancia": "NAO",
        "flag_potencial_inovacao": "SIM",
        "finalidade": "",
        "instituicao_financiadora": "",
        "categoria": "Produto e Processo",
        "tipo_patente": "PRIVILEGIO_DE_INOVACAO_PI",
        "codigo_do_registro_ou_patente": "US10788501",
        "data_pedido_de_deposito": "26082016",
        "data_de_pedido_de_exame": "",
        "data_de_concessao": "09092020",
        "instituicao_deposito_registro": "United States Patent and Trademark Office",
        "numero_deposito_pct": "2015000021",
        "formato_data_deposito_pct": "DDMMAAAA",
        "data_deposito_pct": "",
        "nome_do_titular": "",
        "nome_do_depositante": "",
        "descricao_situacao_patente": "Concessão",
        "data_situacao_patente": "09092020",
        "status_situacao_patente": "SIM",
        "autores": ["Pereira, R.A.S.", "OLIVEIRA, G.", "CORDEIRO, A. P.", "Coimbra, R.S."],
        "autores-endogeno": ["3118219944250108"],
        "autores-endogeno-nome": [
          {
            "3118219944250108": "Roney Santos Coimbra"
          }
        ],
        "tags": []
      }
    ],
    [
      {
        "titulo": "MÉTODO DE DIAGNÓSTICO EM UMA AMOSTRA BIOLÓGICA, KIT DE DIAGNÓSTICO EM UMA AMOSTRA BIOLÓGICA E OLIGONUCLEOTÍDEO",
        "ano_desenvolvimento": "2020",
        "pais": "Brasil",
        "home_page": "",
        "flag_relevancia": "NAO",
        "flag_potencial_inovacao": "SIM",
        "finalidade": "",
        "instituicao_financiadora": "FAPEMIG",
        "categoria": "Produto e Processo",
        "tipo_patente": "PRIVILEGIO_DE_INOVACAO_PI",
        "codigo_do_registro_ou_patente": "BR1020200239813",
        "data_pedido_de_deposito": "24112020",
        "data_de_pedido_de_exame": "",
        "data_de_concessao": "",
        "instituicao_deposito_registro": "INPI - Instituto Nacional da Propriedade Industrial",
        "numero_deposito_pct": "",
        "formato_data_deposito_pct": "DDMMAAAA",
        "data_deposito_pct": "",
        "nome_do_titular": "",
        "nome_do_depositante": "Fundação Oswaldo Cruz",
        "descricao_situacao_patente": "Depósito",
        "data_situacao_patente": "24112020",
        "status_situacao_patente": "SIM",
        "autores": ["AVELAR, DANIEL MOREIRA", "SOARES, A. R. C.", "FARIA, V. C. S."],
        "autores-endogeno": ["3544791535477213"],
        "autores-endogeno-nome": [
          {
            "3544791535477213": "Daniel Moreira de Avelar"
          }
        ],
        "tags": []
      }
    ]
  ],
  "2021": [
    [
      {
        "titulo": "MÉTODO PARA DIAGNÓSTICO OU PROGNÓSTICO DE INFECÇÃO POR HTLV-1 E/OU HTLV-2, E, KIT PARA DIAGNÓSTICO DE INFECÇÃO POR HTLV-1 E/OU HTLV-2 POR CITOMETRIA DE FLUXO",
        "ano_desenvolvimento": "2021",
        "pais": "Brasil",
        "home_page": "",
        "flag_relevancia": "NAO",
        "flag_potencial_inovacao": "SIM",
        "finalidade": "",
        "instituicao_financiadora": "",
        "categoria": "Processo",
        "tipo_patente": "PRIVILEGIO_DE_INOVACAO_PI",
        "codigo_do_registro_ou_patente": "BR2021050101",
        "data_pedido_de_deposito": "10032021",
        "data_de_pedido_de_exame": "",
        "data_de_concessao": "",
        "instituicao_deposito_registro": "INPI - Instituto Nacional da Propriedade Industrial",
        "numero_deposito_pct": "",
        "formato_data_deposito_pct": "DDMMAAAA",
        "data_deposito_pct": "",
        "nome_do_titular": "",
        "nome_do_depositante": "",
        "descricao_situacao_patente": "Depósito",
        "data_situacao_patente": "10032021",
        "status_situacao_patente": "SIM",
        "autores": ["FILHO, OLINDO A.M.", "PROIETTI, A. B. C.", "SABINO, E. C.", "CARVALHO, A. T.", "PERUHYPE-MAGALHÃES, V.", "BICALHO, K. A.", "TRINDADE, B. C.", "PAIVA, L. P.", "COELHO-DOS-REIS, JORDANA", "ALCANTARA, L. C. J.", "MARTINS, J. P."],
        "autores-endogeno": ["6260226537155026"],
        "autores-endogeno-nome": [
          {
            "6260226537155026": "Olindo Assis Martins Filho"
          }
        ],
        "tags": []
      }
    ],
    [
      {
        "titulo": "Metodologia in vitro para seleção de substancias com potencial atividade antiparasitaria e imunologica, utilizando a citometria de fluxo",
        "ano_desenvolvimento": "2012",
        "pais": "Brasil",
        "home_page": "",
        "flag_relevancia": "NAO",
        "flag_potencial_inovacao": "SIM",
        "finalidade": "",
        "instituicao_financiadora": "",
        "categoria": "Processo",
        "tipo_patente": "MODELO_DE_UTILIDADE_MU",
        "codigo_do_registro_ou_patente": "BR1020120324768",
        "data_pedido_de_deposito": "19122012",
        "data_de_pedido_de_exame": "",
        "data_de_concessao": "05012021",
        "instituicao_deposito_registro": "INPI - Instituto Nacional da Propriedade Industrial",
        "numero_deposito_pct": "1020120324768",
        "formato_data_deposito_pct": "DDMMAAAA",
        "data_deposito_pct": "",
        "nome_do_titular": "",
        "nome_do_depositante": "Universidade Federal de Minas Gerais",
        "descricao_situacao_patente": "Concessão",
        "data_situacao_patente": "05012021",
        "status_situacao_patente": "SIM",
        "autores": ["Fagundes EMS", "PERUHYPE-MAGALHÃES, V.", "TEIXEIRA-CARVALHO, A.", "MARTINS-FILHO, OLINDO A.", "BANDEIRA, C. C.", "GUERRA, A. A."],
        "autores-endogeno": ["9698329171140813"],
        "autores-endogeno-nome": [
          {
            "9698329171140813": "Vanessa Peruhype Magalhães Pascoal"
          }
        ],
        "tags": []
      }
    ],
    [
      {
        "titulo": "'Nucleic acid construct, recombinant influenza virus, method for preparing a recombinant influenza virus, composition and use'",
        "ano_desenvolvimento": "2021",
        "pais": "Brasil",
        "home_page": "",
        "flag_relevancia": "NAO",
        "flag_potencial_inovacao": "SIM",
        "finalidade": "",
        "instituicao_financiadora": "",
        "categoria": "Produto e Processo",
        "tipo_patente": "PRIVILEGIO_DE_INOVACAO_PI",
        "codigo_do_registro_ou_patente": "WO2021232130A1",
        "data_pedido_de_deposito": "25112021",
        "data_de_pedido_de_exame": "",
        "data_de_concessao": "",
        "instituicao_deposito_registro": "WIPO - World Intellectual Property Organization",
        "numero_deposito_pct": "",
        "formato_data_deposito_pct": "DDMMAAAA",
        "data_deposito_pct": "",
        "nome_do_titular": "",
        "nome_do_depositante": "MACHADO, ALEXANDRE VIEIRA;Sarah Giarola da Silva;ANA PAULA DE FARIA GONÇALVES;Márcio Sobreira Silva Araújo;Kimberly Freitas Cardoso;MARCELO ANTONIO PASCOAL XAVIER",
        "descricao_situacao_patente": "Depósito",
        "data_situacao_patente": "25112021",
        "status_situacao_patente": "SIM",
        "autores": ["Machado, A. M. V.", "MACHADO, ALEXANDRE VIEIRA", "Giarola da Silva, S.", "GONCALVES, A. P. F.", "ARAÚJO, MÁRCIO SOBREIRA DA SILVA", "ARAUJO, MÁRCIO S S", "CARDOSO, K. F.", "XAVIER, M. A. P."],
        "autores-endogeno": ["2634004612117298"],
        "autores-endogeno-nome": [
          {
            "2634004612117298": "Márcio Sobreira Silva Araújo"
          }
        ],
        "tags": []
      }
    ],
    [
      {
        "titulo": "Coletor de ar para acoplamento em aeronaves na&#771;o tripuladas.",
        "ano_desenvolvimento": "2021",
        "pais": "Brasil",
        "home_page": "",
        "flag_relevancia": "NAO",
        "flag_potencial_inovacao": "SIM",
        "finalidade": "",
        "instituicao_financiadora": "",
        "categoria": "Produto",
        "tipo_patente": "MODELO_DE_UTILIDADE_MU",
        "codigo_do_registro_ou_patente": "BR2020210238424",
        "data_pedido_de_deposito": "26112021",
        "data_de_pedido_de_exame": "",
        "data_de_concessao": "",
        "instituicao_deposito_registro": "INPI - Instituto Nacional da Propriedade Industrial",
        "numero_deposito_pct": "",
        "formato_data_deposito_pct": "DDMMAAAA",
        "data_deposito_pct": "",
        "nome_do_titular": "",
        "nome_do_depositante": "",
        "descricao_situacao_patente": "Depósito",
        "data_situacao_patente": "26112021",
        "status_situacao_patente": "SIM",
        "autores": ["Rezende, Antonio M.", "Wallau, Gabriel L.", "Monte Neto, Rubens L.", "Quintão, Matheus C.", "Carvalho, Helotonio", "Albuquerque, Jones O."],
        "autores-endogeno": ["2817016666672297"],
        "autores-endogeno-nome": [
          {
            "2817016666672297": "Rubens Lima do Monte Neto"
          }
        ],
        "tags": []
      }
    ],
    [
      {
        "titulo": "PLASMÍDEO RECOMBINANTE, VÍRUS INFLUENZA GENETICAMENTE MODIFICADO E USOS",
        "ano_desenvolvimento": "2021",
        "pais": "Brasil",
        "home_page": "",
        "flag_relevancia": "NAO",
        "flag_potencial_inovacao": "NAO",
        "finalidade": "",
        "instituicao_financiadora": "",
        "categoria": "Produto",
        "tipo_patente": "PRIVILEGIO_DE_INOVACAO_PI",
        "codigo_do_registro_ou_patente": "BR1020210221666",
        "data_pedido_de_deposito": "04112021",
        "data_de_pedido_de_exame": "05112021",
        "data_de_concessao": "",
        "instituicao_deposito_registro": "INPI - Instituto Nacional da Propriedade Industrial",
        "numero_deposito_pct": "",
        "formato_data_deposito_pct": "DDMMAAAA",
        "data_deposito_pct": "",
        "nome_do_titular": "",
        "nome_do_depositante": "",
        "descricao_situacao_patente": "Pedido do Exame",
        "data_situacao_patente": "05112021",
        "status_situacao_patente": "SIM",
        "autores": ["GAZZINELLI R", "Galvão-Filho B", "GONCALVES, A. P. F.", "ALVES, P. A.", "MACHADO, A. M. V.", "PEREIRA, I. A. O. S.", "FAUSTINO, LÍDIA", "ANTONELLI, L. R.", "MESSIAS, S. G. S."],
        "autores-endogeno": ["9148354106985023"],
        "autores-endogeno-nome": [
          {
            "9148354106985023": "Ricardo Tostes Gazzinelli"
          }
        ],
        "tags": []
      }
    ],
    [
      {
        "titulo": "CEPA TRANSGÊNICA ATENUADA DE TRYPANOSOMA CRUZI COMO VETOR VACINAL",
        "ano_desenvolvimento": "2010",
        "pais": "Brasil",
        "home_page": "",
        "flag_relevancia": "NAO",
        "flag_potencial_inovacao": "NAO",
        "finalidade": "",
        "instituicao_financiadora": "",
        "categoria": "Produto",
        "tipo_patente": "PRIVILEGIO_DE_INOVACAO_PI",
        "codigo_do_registro_ou_patente": "PI10059091",
        "data_pedido_de_deposito": "02092010",
        "data_de_pedido_de_exame": "",
        "data_de_concessao": "25052021",
        "instituicao_deposito_registro": "INPI - Instituto Nacional da Propriedade Industrial",
        "numero_deposito_pct": "",
        "formato_data_deposito_pct": "DDMMAAAA",
        "data_deposito_pct": "",
        "nome_do_titular": "",
        "nome_do_depositante": "Ricardo Tostes Gazzinelli",
        "descricao_situacao_patente": "Concessão",
        "data_situacao_patente": "25052021",
        "status_situacao_patente": "SIM",
        "autores": ["GAZZINELLI, Ricardo Tostes", "GAZZINELLI R", "GIUSTA, C. J.", "TEIXEIRA, S. M. R.", "GALVAO FILHO, B."],
        "autores-endogeno": ["9148354106985023"],
        "autores-endogeno-nome": [
          {
            "9148354106985023": "Ricardo Tostes Gazzinelli"
          }
        ],
        "tags": []
      }
    ],
    [
      {
        "titulo": "PEPTÍDEOS RECOMBINANTES, MÉTODO E KIT PARA TESTE IMUNODIAGNÓSTICO DE LEISHMANIOSE VISCERAL",
        "ano_desenvolvimento": "2021",
        "pais": "Brasil",
        "home_page": "",
        "flag_relevancia": "NAO",
        "flag_potencial_inovacao": "NAO",
        "finalidade": "",
        "instituicao_financiadora": "",
        "categoria": "Produto",
        "tipo_patente": "PRIVILEGIO_DE_INOVACAO_PI",
        "codigo_do_registro_ou_patente": "PI10050337",
        "data_pedido_de_deposito": "01022021",
        "data_de_pedido_de_exame": "",
        "data_de_concessao": "04052021",
        "instituicao_deposito_registro": "INPI - Instituto Nacional da Propriedade Industrial",
        "numero_deposito_pct": "",
        "formato_data_deposito_pct": "DDMMAAAA",
        "data_deposito_pct": "",
        "nome_do_titular": "",
        "nome_do_depositante": "",
        "descricao_situacao_patente": "Depósito",
        "data_situacao_patente": "01022021",
        "status_situacao_patente": "SIM",
        "autores": ["GAZZINELLI R", "FERNANDES, ANA P.", "Costa, Míriam M."],
        "autores-endogeno": ["9148354106985023"],
        "autores-endogeno-nome": [
          {
            "9148354106985023": "Ricardo Tostes Gazzinelli"
          }
        ],
        "tags": []
      }
    ],
    [
      {
        "titulo": "TRYPANOSOMA CRUZI RECOMBINANTE E COMPOSIÇÃO VACINAL PARA PROFILAXIA DE LEISHMANIOSES",
        "ano_desenvolvimento": "2021",
        "pais": "Brasil",
        "home_page": "",
        "flag_relevancia": "NAO",
        "flag_potencial_inovacao": "NAO",
        "finalidade": "",
        "instituicao_financiadora": "",
        "categoria": "Produto",
        "tipo_patente": "PRIVILEGIO_DE_INOVACAO_PI",
        "codigo_do_registro_ou_patente": "BR1020130223760",
        "data_pedido_de_deposito": "01022021",
        "data_de_pedido_de_exame": "",
        "data_de_concessao": "04052021",
        "instituicao_deposito_registro": "INPI - Instituto Nacional da Propriedade Industrial",
        "numero_deposito_pct": "",
        "formato_data_deposito_pct": "DDMMAAAA",
        "data_deposito_pct": "",
        "nome_do_titular": "",
        "nome_do_depositante": "Ricardo Tostes Gazzinelli",
        "descricao_situacao_patente": "Depósito",
        "data_situacao_patente": "01022021",
        "status_situacao_patente": "SIM",
        "autores": ["FERNANDES, A. P.", "GAZZINELLI R", "JUNQUEIRA, C.", "Doro, Daniel"],
        "autores-endogeno": ["9148354106985023", "9405337414047265"],
        "autores-endogeno-nome": [
          {
            "9148354106985023": "Ricardo Tostes Gazzinelli",
            "9405337414047265": "Caroline Furtado Junqueira"
          }
        ],
        "tags": []
      }
    ]
  ],
  "2022": [
    [
      {
        "titulo": "PROTEÍNA SINTÉTICA DIRECIONADA A EPÍTOPOS DE CÉLULAS T DA PROTEÍNA H DO VÍRUS DA CINOMOSE CANINA",
        "ano_desenvolvimento": "2022",
        "pais": "Brasil",
        "home_page": "",
        "flag_relevancia": "NAO",
        "flag_potencial_inovacao": "SIM",
        "finalidade": "",
        "instituicao_financiadora": "",
        "categoria": "Produto e Processo",
        "tipo_patente": "PRIVILEGIO_DE_INOVACAO_PI",
        "codigo_do_registro_ou_patente": "BR10202201355",
        "data_pedido_de_deposito": "07072022",
        "data_de_pedido_de_exame": "",
        "data_de_concessao": "",
        "instituicao_deposito_registro": "INPI - Instituto Nacional da Propriedade Industrial",
        "numero_deposito_pct": "",
        "formato_data_deposito_pct": "DDMMAAAA",
        "data_deposito_pct": "",
        "nome_do_titular": "",
        "nome_do_depositante": "Universidade Federal Rural de Pernambuco",
        "descricao_situacao_patente": "Depósito",
        "data_situacao_patente": "07072022",
        "status_situacao_patente": "SIM",
        "autores": ["Maia, R, C, C.", "PERNAMBUCO, U. F. R.", "Santos, CP", "CALZAVARA-SILVA, C. E.", "GIL, L. H. V.", "Pinheiro Jr, JW", "Vieira, AM"],
        "autores-endogeno": ["8454953908544325"],
        "autores-endogeno-nome": [
          {
            "8454953908544325": "Carlos Eduardo Calzavara Silva"
          }
        ],
        "tags": []
      }
    ],
    [
      {
        "titulo": "Nucleic acid construct, recombinant influenza virus, method for preparing a recombinant influenza virus, composition and use",
        "ano_desenvolvimento": "2022",
        "pais": "Austrália",
        "home_page": "",
        "flag_relevancia": "NAO",
        "flag_potencial_inovacao": "SIM",
        "finalidade": "",
        "instituicao_financiadora": "",
        "categoria": "Produto e Processo",
        "tipo_patente": "PRIVILEGIO_DE_INOVACAO_PI",
        "codigo_do_registro_ou_patente": "AU2021275160A1",
        "data_pedido_de_deposito": "29092022",
        "data_de_pedido_de_exame": "",
        "data_de_concessao": "",
        "instituicao_deposito_registro": "IP Australia",
        "numero_deposito_pct": "",
        "formato_data_deposito_pct": "DDMMAAAA",
        "data_deposito_pct": "",
        "nome_do_titular": "",
        "nome_do_depositante": "Araujo, M. S. S.;Kimberly Freitas Cardoso;ALEXANDRE DE MAGALHÃES VIEIRA MACHADO;Sarah Giarola da Silva;MARCELO ANTONIO PASCOAL XAVIER",
        "descricao_situacao_patente": "Depósito",
        "data_situacao_patente": "29092022",
        "status_situacao_patente": "SIM",
        "autores": ["ALVES, P.", "CARDOSO, K. F.", "Araujo, M. S. S.", "Machado, A. M. V.", "Giarola da Silva, S.", "XAVIER, M. A. P.", "Araújo, Márcio SS"],
        "autores-endogeno": ["2634004612117298"],
        "autores-endogeno-nome": [
          {
            "2634004612117298": "Márcio Sobreira Silva Araújo"
          }
        ],
        "tags": []
      }
    ],
    [
      {
        "titulo": "Método de diagnóstico de uma amostra biológica, kit de diagnóstico de uma amostra biológica e oligonucleotídeo",
        "ano_desenvolvimento": "2022",
        "pais": "Brasil",
        "home_page": "",
        "flag_relevancia": "NAO",
        "flag_potencial_inovacao": "SIM",
        "finalidade": "",
        "instituicao_financiadora": "",
        "categoria": "Produto e Processo",
        "tipo_patente": "PRIVILEGIO_DE_INOVACAO_PI",
        "codigo_do_registro_ou_patente": "BR1020220267650",
        "data_pedido_de_deposito": "27122022",
        "data_de_pedido_de_exame": "",
        "data_de_concessao": "",
        "instituicao_deposito_registro": "INPI - Instituto Nacional da Propriedade Industrial",
        "numero_deposito_pct": "",
        "formato_data_deposito_pct": "DDMMAAAA",
        "data_deposito_pct": "",
        "nome_do_titular": "",
        "nome_do_depositante": "Universidade Federal de Minas Gerais",
        "descricao_situacao_patente": "Depósito",
        "data_situacao_patente": "27122022",
        "status_situacao_patente": "SIM",
        "autores": ["Monte Neto, Rubens L.", "Oliveira, Ellen Gonçalves", "Coutinho, Vinicius Maracajá", "Hernandez, Jesus Eduardo M.", "Gonçalves, Amanda B.", "Almeida, Leticia Trindade", "Lage, Anna Carolina Pinheiro", "Sousa, Alessandra Mara de", "Gomes, Lívia Siman"],
        "autores-endogeno": ["2817016666672297"],
        "autores-endogeno-nome": [
          {
            "2817016666672297": "Rubens Lima do Monte Neto"
          }
        ],
        "tags": []
      }
    ],
    [
      {
        "titulo": "Biossensores, métodos para detecção do vírus SARS-CoV-2, kit e uso",
        "ano_desenvolvimento": "2022",
        "pais": "Brasil",
        "home_page": "",
        "flag_relevancia": "NAO",
        "flag_potencial_inovacao": "SIM",
        "finalidade": "",
        "instituicao_financiadora": "",
        "categoria": "Produto e Processo",
        "tipo_patente": "PRIVILEGIO_DE_INOVACAO_PI",
        "codigo_do_registro_ou_patente": "BR1020220043892",
        "data_pedido_de_deposito": "10032022",
        "data_de_pedido_de_exame": "",
        "data_de_concessao": "",
        "instituicao_deposito_registro": "INPI - Instituto Nacional da Propriedade Industrial",
        "numero_deposito_pct": "",
        "formato_data_deposito_pct": "DDMMAAAA",
        "data_deposito_pct": "",
        "nome_do_titular": "",
        "nome_do_depositante": "Anna Carolina Pinheiro Lage;Lívia Siman Gomes;Rubens Lima do Monte Neto;Pedro Augusto Alves;Kennedy B Gonçalves;Rosimeire C Barcelos;Universidade Federal de Minas Gerais",
        "descricao_situacao_patente": "Depósito",
        "data_situacao_patente": "10032022",
        "status_situacao_patente": "SIM",
        "autores": ["LAGE, A. C. P.", "JUNQUEIRA, C. M.", "GOMES, L. S.", "MONTE NETO, R. L.", "ALVES, P. A.", "GONCALVES, K. B.", "ALMEIDA, L. T.", "BORGES, I. A.", "GONCALVES, A. B.", "BARCELOS, R. C."],
        "autores-endogeno": ["6935282825820547", "2817016666672297"],
        "autores-endogeno-nome": [
          {
            "6935282825820547": "Pedro Augusto Alves",
            "2817016666672297": "Rubens Lima do Monte Neto"
          }
        ],
        "tags": []
      }
    ],
    [
      {
        "titulo": "PLASMÍDEO RECOMBINANTE PARA EXPRESSÃO DA PROTEÍNA DE SUPERFÍCIE A DE Streptococcus pneumoniae, VÍRUS INFLUENZA GENETICAMENTE MODIFICADO E USOS",
        "ano_desenvolvimento": "2022",
        "pais": "Brasil",
        "home_page": "",
        "flag_relevancia": "NAO",
        "flag_potencial_inovacao": "SIM",
        "finalidade": "",
        "instituicao_financiadora": "",
        "categoria": "Produto e Processo",
        "tipo_patente": "PRIVILEGIO_DE_INOVACAO_PI",
        "codigo_do_registro_ou_patente": "BR10202201516",
        "data_pedido_de_deposito": "29072022",
        "data_de_pedido_de_exame": "",
        "data_de_concessao": "",
        "instituicao_deposito_registro": "INPI - Instituto Nacional da Propriedade Industrial",
        "numero_deposito_pct": "",
        "formato_data_deposito_pct": "DDMMAAAA",
        "data_deposito_pct": "",
        "nome_do_titular": "",
        "nome_do_depositante": "Alexandre de Magalhães Vieira Machado;Ricardo T. Gazinelli;Instituto Butantan;Universidade Federal de Minas Gerais",
        "descricao_situacao_patente": "Depósito",
        "data_situacao_patente": "29072022",
        "status_situacao_patente": "SIM",
        "autores": ["Machado, A.M.V.", "CARDOSO, K. F.", "XAVIER, M. A. P.", "COSTA, E. A.", "MARTINS, N. R. S.", "GAZZINELLI, R. T.", "MIYAJI, E. N.", "GAZINELLI, R. T.", "ARAUJO, M. S. S.", "CARVALHO, K. R. A.", "SANTOS, B. S. A. S.", "MESSIAS, S. G. S.", "KANO FS", "ALVES, P. A.", "GONCALVES, A. P. F."],
        "autores-endogeno": ["8688961957105096"],
        "autores-endogeno-nome": [
          {
            "8688961957105096": "Flora Satiko Kano"
          }
        ],
        "tags": []
      }
    ],
    [
      {
        "titulo": "COMPOSIÇÃO, COMPOSIÇÃO FARMACÊUTICA, USO DE UMA COMPOSIÇÃO TÓPICA ESTÁVEL COMPREENDENDO UMA NANOEMULSÃO, E DE PELO MENOS UM COMPOSTO ANTILEISHMANIAL, E, MÉTODO PARA O TRATAMENTO DE LEISHMANIOSE CUTÂNEA",
        "ano_desenvolvimento": "2022",
        "pais": "Brasil",
        "home_page": "",
        "flag_relevancia": "NAO",
        "flag_potencial_inovacao": "SIM",
        "finalidade": "",
        "instituicao_financiadora": "",
        "categoria": "Produto",
        "tipo_patente": "PRIVILEGIO_DE_INOVACAO_PI",
        "codigo_do_registro_ou_patente": "BR10202002282",
        "data_pedido_de_deposito": "12052022",
        "data_de_pedido_de_exame": "",
        "data_de_concessao": "",
        "instituicao_deposito_registro": "INPI - Instituto Nacional da Propriedade Industrial",
        "numero_deposito_pct": "2022094685",
        "formato_data_deposito_pct": "DDMMAAAA",
        "data_deposito_pct": "",
        "nome_do_titular": "",
        "nome_do_depositante": "Ana Lúcia Teles Rabello;Jorge Carlos Santos;Dinalva Queiroz;Eliane de Morais Teixeira;Evidence Soluções Farmaceuticas Ltda",
        "descricao_situacao_patente": "Depósito",
        "data_situacao_patente": "12052022",
        "status_situacao_patente": "SIM",
        "autores": ["Rabello, Ana", "Ana Rabello", "COSTA JCS", "SANTOS, J. C.", "QUEIROZ, D.", "TEIXEIRA, Eliane de Morais", "TEIXEIRA, E. M."],
        "autores-endogeno": ["7027792126979693"],
        "autores-endogeno-nome": [
          {
            "7027792126979693": "Ana Lúcia Teles Rabello"
          }
        ],
        "tags": []
      }
    ],
    [
      {
        "titulo": "RNAs GUIA, PROCESSO, TRYPANOSOMA CRUZI ATENUADO, E USOS",
        "ano_desenvolvimento": "2022",
        "pais": "Brasil",
        "home_page": "",
        "flag_relevancia": "NAO",
        "flag_potencial_inovacao": "NAO",
        "finalidade": "",
        "instituicao_financiadora": "",
        "categoria": "Produto",
        "tipo_patente": "PRIVILEGIO_DE_INOVACAO_PI",
        "codigo_do_registro_ou_patente": "BR1020220264988",
        "data_pedido_de_deposito": "20122022",
        "data_de_pedido_de_exame": "23122022",
        "data_de_concessao": "",
        "instituicao_deposito_registro": "INPI - Instituto Nacional da Propriedade Industrial",
        "numero_deposito_pct": "",
        "formato_data_deposito_pct": "DDMMAAAA",
        "data_deposito_pct": "",
        "nome_do_titular": "",
        "nome_do_depositante": "",
        "descricao_situacao_patente": "Depósito",
        "data_situacao_patente": "20122022",
        "status_situacao_patente": "SIM",
        "autores": ["GAZZINELLI R", "TEIXEIRA, S. M. R.", "CALDAS, G. A. B.", "SANTOS, N. S. A.", "CASTRO, J. T."],
        "autores-endogeno": ["9148354106985023"],
        "autores-endogeno-nome": [
          {
            "9148354106985023": "Ricardo Tostes Gazzinelli"
          }
        ],
        "tags": []
      }
    ],
    [
      {
        "titulo": "PLASMÍDEO RECOMBINANTE PARA EXPRESSÃO DA PROTEÍNA DE SUPERFÍCIE A DE Streptococcus pneumoniae, VÍRUS INFLUENZA GENETICAMENTE MODIFICADO E USOS",
        "ano_desenvolvimento": "2022",
        "pais": "Brasil",
        "home_page": "",
        "flag_relevancia": "NAO",
        "flag_potencial_inovacao": "NAO",
        "finalidade": "",
        "instituicao_financiadora": "",
        "categoria": "Produto",
        "tipo_patente": "PRIVILEGIO_DE_INOVACAO_PI",
        "codigo_do_registro_ou_patente": "BR1020220151636",
        "data_pedido_de_deposito": "29072022",
        "data_de_pedido_de_exame": "30072022",
        "data_de_concessao": "",
        "instituicao_deposito_registro": "INPI - Instituto Nacional da Propriedade Industrial",
        "numero_deposito_pct": "",
        "formato_data_deposito_pct": "DDMMAAAA",
        "data_deposito_pct": "",
        "nome_do_titular": "",
        "nome_do_depositante": "",
        "descricao_situacao_patente": "Pedido do Exame",
        "data_situacao_patente": "30072022",
        "status_situacao_patente": "SIM",
        "autores": ["GAZZINELLI R", "MESSIAS, S. G. S.", "KANO, FLORA SATIKO", "ALVES, P. A.", "GONCALVES, A. P. F.", "MIYAJI, E. N.", "COSTA, E. A.", "XAVIER, M. A. P.", "MARTINS, N. R. S.", "CARDOSO, K. F.", "MACHADO, A. M. V.", "ARAUJO, M. S. S.", "CARVALHO, K. R. A.", "SANTOS, B. S. A. S."],
        "autores-endogeno": ["9148354106985023", "6935282825820547", "2634004612117298"],
        "autores-endogeno-nome": [
          {
            "9148354106985023": "Ricardo Tostes Gazzinelli",
            "6935282825820547": "Pedro Augusto Alves",
            "2634004612117298": "Márcio Sobreira Silva Araújo"
          }
        ],
        "tags": []
      }
    ],
    [
      {
        "titulo": "PROCESSO DE PRODUÇÃO DE PROTEÍNA QUIMÉRICA, PROTEÍNA QUIMÉRICA, GENE, COMPOSIÇÃO IMUNOGÊNICA, E USOS",
        "ano_desenvolvimento": "2022",
        "pais": "Brasil",
        "home_page": "",
        "flag_relevancia": "NAO",
        "flag_potencial_inovacao": "NAO",
        "finalidade": "",
        "instituicao_financiadora": "",
        "categoria": "Produto",
        "tipo_patente": "PRIVILEGIO_DE_INOVACAO_PI",
        "codigo_do_registro_ou_patente": "BR1020220007330",
        "data_pedido_de_deposito": "14012022",
        "data_de_pedido_de_exame": "15012022",
        "data_de_concessao": "",
        "instituicao_deposito_registro": "INPI - Instituto Nacional da Propriedade Industrial",
        "numero_deposito_pct": "",
        "formato_data_deposito_pct": "DDMMAAAA",
        "data_deposito_pct": "",
        "nome_do_titular": "",
        "nome_do_depositante": "",
        "descricao_situacao_patente": "Pedido do Exame",
        "data_situacao_patente": "15012022",
        "status_situacao_patente": "SIM",
        "autores": ["GAZZINELLI R", "TEIXEIRA, S. M. R.", "FERNANDES, ANA P.", "GUIMARÃES, F. F.", "CASTRO, J. T.", "HOJO-SOUZA, NATÁLIA SATCHIKO", "AZEVEDO, PATRICK"],
        "autores-endogeno": ["9148354106985023"],
        "autores-endogeno-nome": [
          {
            "9148354106985023": "Ricardo Tostes Gazzinelli"
          }
        ],
        "tags": []
      }
    ],
    [
      {
        "titulo": "GENE MODIFICADO DE Leishmania ssp., PROCESSO PARA OBTENÇÃO DE PROTEÍNA E USO COMO ANTÍGENO EM COMPOSIÇÃO VACINAL OU EM IMUNODIAGNÓSTICO",
        "ano_desenvolvimento": "2022",
        "pais": "Brasil",
        "home_page": "",
        "flag_relevancia": "NAO",
        "flag_potencial_inovacao": "NAO",
        "finalidade": "",
        "instituicao_financiadora": "",
        "categoria": "Produto",
        "tipo_patente": "PRIVILEGIO_DE_INOVACAO_PI",
        "codigo_do_registro_ou_patente": "BR1020130223743",
        "data_pedido_de_deposito": "02022022",
        "data_de_pedido_de_exame": "",
        "data_de_concessao": "19042022",
        "instituicao_deposito_registro": "INPI - Instituto Nacional da Propriedade Industrial",
        "numero_deposito_pct": "",
        "formato_data_deposito_pct": "DDMMAAAA",
        "data_deposito_pct": "",
        "nome_do_titular": "",
        "nome_do_depositante": "Ricardo Tostes Gazzinelli",
        "descricao_situacao_patente": "Depósito",
        "data_situacao_patente": "02022022",
        "status_situacao_patente": "SIM",
        "autores": ["FERNANDES, A", "GAZZINELLI R", "Leonardo Miranda Damasceno"],
        "autores-endogeno": ["9148354106985023"],
        "autores-endogeno-nome": [
          {
            "9148354106985023": "Ricardo Tostes Gazzinelli"
          }
        ],
        "tags": []
      }
    ],
    [
      {
        "titulo": "MÉTODO PARA TRIAGEM DE FÁRMACOS OU SUBSTÂNCIAS COM POTENCIAL NEUROPROTETOR, E KIT PARA TRIAGEM DE FÁRMACOS OU SUBSTÂNCIAS",
        "ano_desenvolvimento": "2022",
        "pais": "Brasil",
        "home_page": "",
        "flag_relevancia": "NAO",
        "flag_potencial_inovacao": "SIM",
        "finalidade": "",
        "instituicao_financiadora": "Fiocruz (INOVA); CNPq (INCT Vacinas).",
        "categoria": "Processo",
        "tipo_patente": "PRIVILEGIO_DE_INOVACAO_PI",
        "codigo_do_registro_ou_patente": "BR1020220096856",
        "data_pedido_de_deposito": "18052022",
        "data_de_pedido_de_exame": "",
        "data_de_concessao": "",
        "instituicao_deposito_registro": "INPI - Instituto Nacional da Propriedade Industrial",
        "numero_deposito_pct": "",
        "formato_data_deposito_pct": "DDMMAAAA",
        "data_deposito_pct": "",
        "nome_do_titular": "",
        "nome_do_depositante": "",
        "descricao_situacao_patente": "Depósito",
        "data_situacao_patente": "18052022",
        "status_situacao_patente": "SIM",
        "autores": ["COIMBRA, R. S.", "OLIVEIRA, M. S.", "CASSIANO, L. M. G.", "FERNANDES, G. R.", "ALVES, P. A.", "MACHADO, A. V.", "SALIM, ANNA CHRISTINA DE MATOS"],
        "autores-endogeno": ["3118219944250108", "6935282825820547"],
        "autores-endogeno-nome": [
          {
            "3118219944250108": "Roney Santos Coimbra",
            "6935282825820547": "Pedro Augusto Alves"
          }
        ],
        "tags": []
      }
    ]
  ],
  "2023": [
    [
      {
        "titulo": "KIT PARA IMUNODIAGNÓSTICO DA HANSENÍASE",
        "ano_desenvolvimento": "2023",
        "pais": "Brasil",
        "home_page": "",
        "flag_relevancia": "NAO",
        "flag_potencial_inovacao": "SIM",
        "finalidade": "",
        "instituicao_financiadora": "",
        "categoria": "Produto",
        "tipo_patente": "PRIVILEGIO_DE_INOVACAO_PI",
        "codigo_do_registro_ou_patente": "PI0472023",
        "data_pedido_de_deposito": "12122023",
        "data_de_pedido_de_exame": "",
        "data_de_concessao": "",
        "instituicao_deposito_registro": "INPI - Instituto Nacional da Propriedade Industrial",
        "numero_deposito_pct": "",
        "formato_data_deposito_pct": "DDMMAAAA",
        "data_deposito_pct": "",
        "nome_do_titular": "",
        "nome_do_depositante": "Ricardo Toshio Fujiwara",
        "descricao_situacao_patente": "Depósito",
        "data_situacao_patente": "12122023",
        "status_situacao_patente": "SIM",
        "autores": ["FUJIWARA, R. T.", "PASCOAL-XAVIER, MARCELO A"],
        "autores-endogeno": ["2430268236881898"],
        "autores-endogeno-nome": [
          {
            "2430268236881898": "Marcelo Antonio Pascoal Xavier"
          }
        ],
        "tags": []
      }
    ],
    [
      {
        "titulo": "COMPOSIÇÃO IMUNOGÊNICA PARA PREVENÇÃO DE BRUCELOSE, LINHAGENS ATENUADAS E USO",
        "ano_desenvolvimento": "2023",
        "pais": "Brasil",
        "home_page": "",
        "flag_relevancia": "NAO",
        "flag_potencial_inovacao": "SIM",
        "finalidade": "",
        "instituicao_financiadora": "",
        "categoria": "Produto e Processo",
        "tipo_patente": "PRIVILEGIO_DE_INOVACAO_PI",
        "codigo_do_registro_ou_patente": "BR1020230221220",
        "data_pedido_de_deposito": "24102023",
        "data_de_pedido_de_exame": "",
        "data_de_concessao": "",
        "instituicao_deposito_registro": "INPI - Instituto Nacional da Propriedade Industrial",
        "numero_deposito_pct": "",
        "formato_data_deposito_pct": "DDMMAAAA",
        "data_deposito_pct": "",
        "nome_do_titular": "",
        "nome_do_depositante": "Universidade Federal de Minas Gerais",
        "descricao_situacao_patente": "Depósito",
        "data_situacao_patente": "24102023",
        "status_situacao_patente": "SIM",
        "autores": ["COSTA, F. B.", "Lima Santos, R", "PAIXAO, T. A.", "BATISTA, D. F. A.", "MARTINS-FILHO, O. A.", "GUIMARAES, A. S.", "BRANDAO, H. M.", "Araújo, Márcio SS"],
        "autores-endogeno": ["2634004612117298"],
        "autores-endogeno-nome": [
          {
            "2634004612117298": "Márcio Sobreira Silva Araújo"
          }
        ],
        "tags": []
      }
    ]
  ],
  "2024": []
}
