{
  "network": {
    "items": [
      {
        "id": "f0d1f594ff6e41042c9c8fc09998d092",
        "label": "Marina de Moraes Mourão",
        "description": "Marina de Moraes Mourão",
        "url": "http://elattes.fiocruz.br.br/analysis/profile/id/863/member/0271842903270328",
        "scores": {
          "Avg. pub. year": 2016.4468
        },
        "weights": {
          "Publications": 47,
          "Events": 89
        },
        "x": -1.1013,
        "y": 0.1049,
        "cluster": 1
      },
      {
        "id": "1f8c94eb7391f5c845553fdf69ec9c8a",
        "label": "Edelberto Santos Dias",
        "description": "Edelberto Santos Dias",
        "url": "http://elattes.fiocruz.br.br/analysis/profile/id/863/member/0492208637289837",
        "scores": {
          "Avg. pub. year": 2011.8592
        },
        "weights": {
          "Publications": 71,
          "Events": 147
        },
        "x": -0.2285,
        "y": -2.929,
        "cluster": 3
      },
      {
        "id": "5a1ca3c229b1a3b82d2eb259dedb24b4",
        "label": "Cristiana Ferreira Alves de Brito",
        "description": "Cristiana Ferreira Alves de Brito",
        "url": "http://elattes.fiocruz.br.br/analysis/profile/id/863/member/0553918889655570",
        "scores": {
          "Avg. pub. year": 2014.3333
        },
        "weights": {
          "Publications": 75,
          "Events": 133
        },
        "x": 1.5709,
        "y": 1.1009,
        "cluster": 1
      },
      {
        "id": "72a73142104d8e56124360562f6159ff",
        "label": "Nagila Francinete Costa Secundino",
        "description": "Nagila Francinete Costa Secundino",
        "url": "http://elattes.fiocruz.br.br/analysis/profile/id/863/member/0641258278314799",
        "scores": {
          "Avg. pub. year": 2014.3836
        },
        "weights": {
          "Publications": 73,
          "Events": 71
        },
        "x": 2.2925,
        "y": 0.0205,
        "cluster": 3
      },
      {
        "id": "18d8c5ee050f8cf3614965f2ca256787",
        "label": "Cristiana Couto Garcia",
        "description": "Cristiana Couto Garcia",
        "url": "http://elattes.fiocruz.br.br/analysis/profile/id/863/member/1125391664500711",
        "scores": {
          "Avg. pub. year": 2017.6792
        },
        "weights": {
          "Publications": 53,
          "Events": 75
        },
        "x": -0.4135,
        "y": 2.3339,
        "cluster": 1
      },
      {
        "id": "aa6243e73e1039d0edc456259d2701bd",
        "label": "Marco Antônio da Silva Campos",
        "description": "Marco Antônio da Silva Campos",
        "url": "http://elattes.fiocruz.br.br/analysis/profile/id/863/member/1409006491220426",
        "scores": {
          "Avg. pub. year": 2012.4043
        },
        "weights": {
          "Publications": 47,
          "Events": 79
        },
        "x": 0.1185,
        "y": 1.7581,
        "cluster": 1
      },
      {
        "id": "9c48b3390963017e96f37a401e721fa7",
        "label": "Erika Michalsky Monteiro",
        "description": "Erika Michalsky Monteiro",
        "url": "http://elattes.fiocruz.br.br/analysis/profile/id/863/member/1476232727069800",
        "scores": {
          "Avg. pub. year": 2013.6154
        },
        "weights": {
          "Publications": 39,
          "Events": 130
        },
        "x": 0.2246,
        "y": -3.458,
        "cluster": 3
      },
      {
        "id": "55731ca7937b0734aea4f4111535a3c3",
        "label": "Carina Margonari de Souza",
        "description": "Carina Margonari de Souza",
        "url": "http://elattes.fiocruz.br.br/analysis/profile/id/863/member/1722996582628218",
        "scores": {
          "Avg. pub. year": 2013.8065
        },
        "weights": {
          "Publications": 31,
          "Events": 60
        },
        "x": 1.6992,
        "y": -2.326,
        "cluster": 3
      },
      {
        "id": "ec4de92b5f03f359463a3ff45251653a",
        "label": "Roberta Lima Caldeira",
        "description": "Roberta Lima Caldeira",
        "url": "http://elattes.fiocruz.br.br/analysis/profile/id/863/member/1735242943698067",
        "scores": {
          "Avg. pub. year": 2011.8553
        },
        "weights": {
          "Publications": 76,
          "Events": 49
        },
        "x": 0.0585,
        "y": -1.2497,
        "cluster": 3
      },
      {
        "id": "545d74bda32509674c6eef99940cb0b8",
        "label": "Soraya Torres Gaze Jangola",
        "description": "Soraya Torres Gaze Jangola",
        "url": "http://elattes.fiocruz.br.br/analysis/profile/id/863/member/2290676372091813",
        "scores": {
          "Avg. pub. year": 2014.8621
        },
        "weights": {
          "Publications": 29,
          "Events": 10
        },
        "x": -2.7421,
        "y": 1.3327,
        "cluster": 1
      },
      {
        "id": "d46e9cea842a54494dbfb0d687afac28",
        "label": "Jaquelline Germano de Oliveira",
        "description": "Jaquelline Germano de Oliveira",
        "url": "http://elattes.fiocruz.br.br/analysis/profile/id/863/member/2427045424896409",
        "scores": {
          "Avg. pub. year": 2013.4118
        },
        "weights": {
          "Publications": 34,
          "Events": 76
        },
        "x": -0.9832,
        "y": 1.0469,
        "cluster": 1
      },
      {
        "id": "84804e02cbb0c55774e5df001cb5ed04",
        "label": "Marcelo Antonio Pascoal Xavier",
        "description": "Marcelo Antonio Pascoal Xavier",
        "url": "http://elattes.fiocruz.br.br/analysis/profile/id/863/member/2430268236881898",
        "scores": {
          "Avg. pub. year": 2017.12
        },
        "weights": {
          "Publications": 50,
          "Events": 4
        },
        "x": -1.6305,
        "y": 0.0954,
        "cluster": 1
      },
      {
        "id": "375f3e7a02951581b72eb10ec4d71110",
        "label": "Marcelo Gustavo Lorenzo",
        "description": "Marcelo Gustavo Lorenzo",
        "url": "http://elattes.fiocruz.br.br/analysis/profile/id/863/member/2529945687863385",
        "scores": {
          "Avg. pub. year": 2012.5
        },
        "weights": {
          "Publications": 68,
          "Events": 37
        },
        "x": 2.8421,
        "y": -0.5992,
        "cluster": 3
      },
      {
        "id": "29d0b16e408b4397bed1ceca55207658",
        "label": "Rita de Cássia Moreira de Souza",
        "description": "Rita de Cássia Moreira de Souza",
        "url": "http://elattes.fiocruz.br.br/analysis/profile/id/863/member/2586445059585013",
        "scores": {
          "Avg. pub. year": 2017
        },
        "weights": {
          "Publications": 34,
          "Events": 44
        },
        "x": 3.7062,
        "y": -0.145,
        "cluster": 3
      },
      {
        "id": "10d9bc14412baddd64e23a1b0b609a32",
        "label": "Álvaro Gil Araújo Ferreira",
        "description": "Álvaro Gil Araújo Ferreira",
        "url": "http://elattes.fiocruz.br.br/analysis/profile/id/863/member/2621628661003591",
        "scores": {
          "Avg. pub. year": 2017.6429
        },
        "weights": {
          "Publications": 14,
          "Events": 0
        },
        "x": 4.3637,
        "y": -3.6116,
        "cluster": 3
      },
      {
        "id": "3a7e3a760b44109fa88180c9ac8fefe6",
        "label": "Márcio Sobreira Silva Araújo",
        "description": "Márcio Sobreira Silva Araújo",
        "url": "http://elattes.fiocruz.br.br/analysis/profile/id/863/member/2634004612117298",
        "scores": {
          "Avg. pub. year": 2014.9231
        },
        "weights": {
          "Publications": 78,
          "Events": 4
        },
        "x": 0.0763,
        "y": 0.04,
        "cluster": 1
      },
      {
        "id": "6e94bdb3e477cb430e98291dda4ba1c7",
        "label": "Rubens Lima do Monte Neto",
        "description": "Rubens Lima do Monte Neto",
        "url": "http://elattes.fiocruz.br.br/analysis/profile/id/863/member/2817016666672297",
        "scores": {
          "Avg. pub. year": 2017.434
        },
        "weights": {
          "Publications": 53,
          "Events": 96
        },
        "x": 0.6307,
        "y": 0.023,
        "cluster": 1
      },
      {
        "id": "eb48d58d272d28cd9d1f5d354e77b9cf",
        "label": "Roney Santos Coimbra",
        "description": "Roney Santos Coimbra",
        "url": "http://elattes.fiocruz.br.br/analysis/profile/id/863/member/3118219944250108",
        "scores": {
          "Avg. pub. year": 2013.6667
        },
        "weights": {
          "Publications": 48,
          "Events": 59
        },
        "x": 0.8831,
        "y": 1.3595,
        "cluster": 1
      },
      {
        "id": "0a76f3ac7a28b27d208bded7e0c516da",
        "label": "Paloma Helena Fernandes Shimabukuro",
        "description": "Paloma Helena Fernandes Shimabukuro",
        "url": "http://elattes.fiocruz.br.br/analysis/profile/id/863/member/3508138338414003",
        "scores": {
          "Avg. pub. year": 2016.2683
        },
        "weights": {
          "Publications": 41,
          "Events": 1
        },
        "x": 0.8376,
        "y": -3.1128,
        "cluster": 3
      },
      {
        "id": "3097c0d8e94a6746ee4a40f75fc44fc4",
        "label": "Daniel Moreira de Avelar",
        "description": "Daniel Moreira de Avelar",
        "url": "http://elattes.fiocruz.br.br/analysis/profile/id/863/member/3544791535477213",
        "scores": {
          "Avg. pub. year": 2016.4
        },
        "weights": {
          "Publications": 35,
          "Events": 33
        },
        "x": -1.2639,
        "y": -1.7294,
        "cluster": 2
      },
      {
        "id": "69146403e7c404bb3e068d58c835dd5c",
        "label": "Andréa Teixeira de Carvalho",
        "description": "Andréa Teixeira de Carvalho",
        "url": "http://elattes.fiocruz.br.br/analysis/profile/id/863/member/3798623797837575",
        "scores": {
          "Avg. pub. year": 2014.7262
        },
        "weights": {
          "Publications": 252,
          "Events": 59
        },
        "x": 0.0984,
        "y": 0.7465,
        "cluster": 1
      },
      {
        "id": "d273c35108d182803ce8cb32d0cca7ed",
        "label": "Edward José de Oliveira",
        "description": "Edward José de Oliveira",
        "url": "http://elattes.fiocruz.br.br/analysis/profile/id/863/member/4533303011981452",
        "scores": {
          "Avg. pub. year": 2016.2258
        },
        "weights": {
          "Publications": 62,
          "Events": 58
        },
        "x": -0.9894,
        "y": -0.5676,
        "cluster": 2
      },
      {
        "id": "c075b6daffece5a523302b7aadf7c5ca",
        "label": "Paulo Filemon Paolucci Pimenta",
        "description": "Paulo Filemon Paolucci Pimenta",
        "url": "http://elattes.fiocruz.br.br/analysis/profile/id/863/member/4592140991723664",
        "scores": {
          "Avg. pub. year": 2013.0325
        },
        "weights": {
          "Publications": 123,
          "Events": 170
        },
        "x": 1.2393,
        "y": -1.0347,
        "cluster": 3
      },
      {
        "id": "4d17ef486e49164ef650576e6683a645",
        "label": "Lis Ribeiro do Valle Antonelli",
        "description": "Lis Ribeiro do Valle Antonelli",
        "url": "http://elattes.fiocruz.br.br/analysis/profile/id/863/member/4929168581709218",
        "scores": {
          "Avg. pub. year": 2015.8889
        },
        "weights": {
          "Publications": 81,
          "Events": 24
        },
        "x": -0.4798,
        "y": 1.5847,
        "cluster": 1
      },
      {
        "id": "4051840902f5732938b47976783c04c8",
        "label": "Luzia Helena Carvalho",
        "description": "Luzia Helena Carvalho",
        "url": "http://elattes.fiocruz.br.br/analysis/profile/id/863/member/5305938120287353",
        "scores": {
          "Avg. pub. year": 2013.2097
        },
        "weights": {
          "Publications": 62,
          "Events": 91
        },
        "x": 0.9926,
        "y": 2.6498,
        "cluster": 1
      },
      {
        "id": "bb0d6fa033276821215a89631ca9bbec",
        "label": "Rafaella Fortini Grenfell e Queiroz",
        "description": "Rafaella Fortini Grenfell e Queiroz",
        "url": "http://elattes.fiocruz.br.br/analysis/profile/id/863/member/5508945613911003",
        "scores": {
          "Avg. pub. year": 2018.4118
        },
        "weights": {
          "Publications": 34,
          "Events": 8
        },
        "x": -1.4953,
        "y": -0.9094,
        "cluster": 2
      },
      {
        "id": "e91774fff3aa5024b5d586d3ecbb68da",
        "label": "Rodrigo Pedro Pinto Soares",
        "description": "Rodrigo Pedro Pinto Soares",
        "url": "http://elattes.fiocruz.br.br/analysis/profile/id/863/member/5557656124686682",
        "scores": {
          "Avg. pub. year": 2015.3645
        },
        "weights": {
          "Publications": 107,
          "Events": 17
        },
        "x": 1.344,
        "y": -0.3299,
        "cluster": 3
      },
      {
        "id": "7a6d58a9bfa4b22f4b0082befe64ae03",
        "label": "Alessandra Aparecida Guarneri",
        "description": "Alessandra Aparecida Guarneri",
        "url": "http://elattes.fiocruz.br.br/analysis/profile/id/863/member/5565463591721568",
        "scores": {
          "Avg. pub. year": 2014.4815
        },
        "weights": {
          "Publications": 54,
          "Events": 57
        },
        "x": 2.2214,
        "y": -0.5066,
        "cluster": 3
      },
      {
        "id": "3f060e6b19ed168f30ebe8a92a198ff8",
        "label": "Tânia Maria de Almeida Alves",
        "description": "Tânia Maria de Almeida Alves",
        "url": "http://elattes.fiocruz.br.br/analysis/profile/id/863/member/5633763429024541",
        "scores": {
          "Avg. pub. year": 2012.5465
        },
        "weights": {
          "Publications": 86,
          "Events": 97
        },
        "x": -1.7534,
        "y": 0.4742,
        "cluster": 2
      },
      {
        "id": "feb05be989e75d13b42042b1f84cb35f",
        "label": "Alexandre de Magalhaes Vieira Machado",
        "description": "Alexandre de Magalhaes Vieira Machado",
        "url": "http://elattes.fiocruz.br.br/analysis/profile/id/863/member/5804297852066640",
        "scores": {
          "Avg. pub. year": 2013.4412
        },
        "weights": {
          "Publications": 34,
          "Events": 30
        },
        "x": -1.1602,
        "y": 1.5663,
        "cluster": 1
      },
      {
        "id": "60d05031a0fcb425802aa201569823b3",
        "label": "Luciano Andrade Moreira",
        "description": "Luciano Andrade Moreira",
        "url": "http://elattes.fiocruz.br.br/analysis/profile/id/863/member/5832739049925970",
        "scores": {
          "Avg. pub. year": 2014.5476
        },
        "weights": {
          "Publications": 84,
          "Events": 42
        },
        "x": 2.0333,
        "y": -1.5482,
        "cluster": 3
      },
      {
        "id": "8468756346ae7eb5adecc95b1b3d166e",
        "label": "Taís Nóbrega de Sousa",
        "description": "Taís Nóbrega de Sousa",
        "url": "http://elattes.fiocruz.br.br/analysis/profile/id/863/member/6108351267696165",
        "scores": {
          "Avg. pub. year": 2017.2195
        },
        "weights": {
          "Publications": 41,
          "Events": 70
        },
        "x": 2.2542,
        "y": 3.2833,
        "cluster": 1
      },
      {
        "id": "402fee4e661682c9d9fda2b8c5ac1c4d",
        "label": "Olindo Assis Martins Filho",
        "description": "Olindo Assis Martins Filho",
        "url": "http://elattes.fiocruz.br.br/analysis/profile/id/863/member/6260226537155026",
        "scores": {
          "Avg. pub. year": 2013.8105
        },
        "weights": {
          "Publications": 459,
          "Events": 199
        },
        "x": 0.1212,
        "y": 0.4799,
        "cluster": 1
      },
      {
        "id": "f9fa245bef0ef57c3dce31b8b522d7ee",
        "label": "Rosiane Aparecida da Silva Pereira",
        "description": "Rosiane Aparecida da Silva Pereira",
        "url": "http://elattes.fiocruz.br.br/analysis/profile/id/863/member/6405912413079760",
        "scores": {
          "Avg. pub. year": 2015.4545
        },
        "weights": {
          "Publications": 22,
          "Events": 113
        },
        "x": -0.3108,
        "y": 0.3046,
        "cluster": 1
      },
      {
        "id": "505e977050a67ac27f482fc30976e961",
        "label": "Paulo Marcos Zech Coelho",
        "description": "Paulo Marcos Zech Coelho",
        "url": "http://elattes.fiocruz.br.br/analysis/profile/id/863/member/6831626214829585",
        "scores": {
          "Avg. pub. year": 2011.291
        },
        "weights": {
          "Publications": 134,
          "Events": 1
        },
        "x": 0.1716,
        "y": -0.6169,
        "cluster": 3
      },
      {
        "id": "8cd10e095cebe2528eb17128ce8a748a",
        "label": "Pedro Augusto Alves",
        "description": "Pedro Augusto Alves",
        "url": "http://elattes.fiocruz.br.br/analysis/profile/id/863/member/6935282825820547",
        "scores": {
          "Avg. pub. year": 2018.4054
        },
        "weights": {
          "Publications": 37,
          "Events": 50
        },
        "x": -0.6693,
        "y": 0.0596,
        "cluster": 1
      },
      {
        "id": "a4282da5d9f1c0ee34458b63b7782bec",
        "label": "Celia Maria Ferreira Gontijo",
        "description": "Celia Maria Ferreira Gontijo",
        "url": "http://elattes.fiocruz.br.br/analysis/profile/id/863/member/7004385035447880",
        "scores": {
          "Avg. pub. year": 2013.0408
        },
        "weights": {
          "Publications": 98,
          "Events": 65
        },
        "x": 0.3597,
        "y": -1.1447,
        "cluster": 3
      },
      {
        "id": "3591c83ce7fd565040970fafccea0c6a",
        "label": "Ana Lúcia Teles Rabello",
        "description": "Ana Lúcia Teles Rabello",
        "url": "http://elattes.fiocruz.br.br/analysis/profile/id/863/member/7027792126979693",
        "scores": {
          "Avg. pub. year": 2011.9504
        },
        "weights": {
          "Publications": 121,
          "Events": 102
        },
        "x": -1.7809,
        "y": -0.419,
        "cluster": 2
      },
      {
        "id": "f2b11d801443ff8973cff3bd52363b1c",
        "label": "José Dilermando Andrade Filho",
        "description": "José Dilermando Andrade Filho",
        "url": "http://elattes.fiocruz.br.br/analysis/profile/id/863/member/7374065738760207",
        "scores": {
          "Avg. pub. year": 2012.5041
        },
        "weights": {
          "Publications": 123,
          "Events": 131
        },
        "x": 0.6178,
        "y": -2.0687,
        "cluster": 3
      },
      {
        "id": "d5129b230863eed443be1c4b30807580",
        "label": "Luiz Carlos Júnior Alcantara",
        "description": "Luiz Carlos Júnior Alcantara",
        "url": "http://elattes.fiocruz.br.br/analysis/profile/id/863/member/7428560072021675",
        "scores": {
          "Avg. pub. year": 2016.7569
        },
        "weights": {
          "Publications": 181,
          "Events": 71
        },
        "x": 1.7013,
        "y": 0.565,
        "cluster": 1
      },
      {
        "id": "09f305f13add22173d5a59b8a68491d9",
        "label": "Gustavo Fontes Paz",
        "description": "Gustavo Fontes Paz",
        "url": "http://elattes.fiocruz.br.br/analysis/profile/id/863/member/7529793133786376",
        "scores": {
          "Avg. pub. year": 2015.3333
        },
        "weights": {
          "Publications": 39,
          "Events": 44
        },
        "x": -0.4931,
        "y": -2.2454,
        "cluster": 3
      },
      {
        "id": "1109e30ea19e916d707c64a47f8a8bbc",
        "label": "Jeronimo Conceição Ruiz",
        "description": "Jeronimo Conceição Ruiz",
        "url": "http://elattes.fiocruz.br.br/analysis/profile/id/863/member/7769547194874833",
        "scores": {
          "Avg. pub. year": 2012.6765
        },
        "weights": {
          "Publications": 68,
          "Events": 85
        },
        "x": 1.73,
        "y": -0.1246,
        "cluster": 3
      },
      {
        "id": "0495cfc56fb7135018060dd22873e78e",
        "label": "Cristina Toscano Fonseca",
        "description": "Cristina Toscano Fonseca",
        "url": "http://elattes.fiocruz.br.br/analysis/profile/id/863/member/7920312439713999",
        "scores": {
          "Avg. pub. year": 2013.4182
        },
        "weights": {
          "Publications": 55,
          "Events": 8
        },
        "x": -0.3374,
        "y": -0.3408,
        "cluster": 1
      },
      {
        "id": "373ada420f12d2a6f5fa5f2f902a3ae2",
        "label": "Silvane Maria Fonseca Murta",
        "description": "Silvane Maria Fonseca Murta",
        "url": "http://elattes.fiocruz.br.br/analysis/profile/id/863/member/8285043752158198",
        "scores": {
          "Avg. pub. year": 2015.09
        },
        "weights": {
          "Publications": 100,
          "Events": 198
        },
        "x": 0.7904,
        "y": 0.3454,
        "cluster": 3
      },
      {
        "id": "ed3e3a25d73e915cfc289805a40d4a09",
        "label": "Carlos Eduardo Calzavara Silva",
        "description": "Carlos Eduardo Calzavara Silva",
        "url": "http://elattes.fiocruz.br.br/analysis/profile/id/863/member/8454953908544325",
        "scores": {
          "Avg. pub. year": 2015.9487
        },
        "weights": {
          "Publications": 39,
          "Events": 34
        },
        "x": -1.1186,
        "y": 0.6126,
        "cluster": 1
      },
      {
        "id": "6207968fe41fcc3e3a92899f65f05c3c",
        "label": "Antonio Mauro Rezende",
        "description": "Antonio Mauro Rezende",
        "url": "http://elattes.fiocruz.br.br/analysis/profile/id/863/member/8641629843495094",
        "scores": {
          "Avg. pub. year": 2017.9167
        },
        "weights": {
          "Publications": 60,
          "Events": 6
        },
        "x": 2.0328,
        "y": 1.6363,
        "cluster": 1
      },
      {
        "id": "0acea8f66868fcfdb7f7c3257dbfcd5e",
        "label": "Flora Satiko Kano",
        "description": "Flora Satiko Kano",
        "url": "http://elattes.fiocruz.br.br/analysis/profile/id/863/member/8688961957105096",
        "scores": {
          "Avg. pub. year": 2014.3077
        },
        "weights": {
          "Publications": 39,
          "Events": 36
        },
        "x": 1.3179,
        "y": 2.7684,
        "cluster": 1
      },
      {
        "id": "0707611225428270cdbfd6f2c7c7c482",
        "label": "Rodrigo Correa de Oliveira",
        "description": "Rodrigo Correa de Oliveira",
        "url": "http://elattes.fiocruz.br.br/analysis/profile/id/863/member/8712666530716107",
        "scores": {
          "Avg. pub. year": 2009.4164
        },
        "weights": {
          "Publications": 281,
          "Events": 1
        },
        "x": -0.4035,
        "y": 1.0587,
        "cluster": 1
      },
      {
        "id": "672e6dea945b8f35d124b1fc9e4d236f",
        "label": "Gabriel da Rocha Fernandes",
        "description": "Gabriel da Rocha Fernandes",
        "url": "http://elattes.fiocruz.br.br/analysis/profile/id/863/member/8989178759075946",
        "scores": {
          "Avg. pub. year": 2018.4872
        },
        "weights": {
          "Publications": 78,
          "Events": 30
        },
        "x": 0.5847,
        "y": -0.4376,
        "cluster": 3
      },
      {
        "id": "58e449e6c14acafad90f8380249a9144",
        "label": "Ricardo Tostes Gazzinelli",
        "description": "Ricardo Tostes Gazzinelli",
        "url": "http://elattes.fiocruz.br.br/analysis/profile/id/863/member/9148354106985023",
        "scores": {
          "Avg. pub. year": 2011.0973
        },
        "weights": {
          "Publications": 226,
          "Events": 0
        },
        "x": 0.1728,
        "y": 1.1977,
        "cluster": 1
      },
      {
        "id": "65834753cc3ecd9d12388d969dcef547",
        "label": "Lileia Gonçalves Diotaiuti",
        "description": "Lileia Gonçalves Diotaiuti",
        "url": "http://elattes.fiocruz.br.br/analysis/profile/id/863/member/9211345386050612",
        "scores": {
          "Avg. pub. year": 2010.7227
        },
        "weights": {
          "Publications": 119,
          "Events": 191
        },
        "x": 3.1206,
        "y": -1.378,
        "cluster": 3
      },
      {
        "id": "811c5581de1a75af8c3060c3f84d07f9",
        "label": "Caroline Furtado Junqueira",
        "description": "Caroline Furtado Junqueira",
        "url": "http://elattes.fiocruz.br.br/analysis/profile/id/863/member/9405337414047265",
        "scores": {
          "Avg. pub. year": 2017.8667
        },
        "weights": {
          "Publications": 30,
          "Events": 19
        },
        "x": -1.2179,
        "y": 2.3334,
        "cluster": 1
      },
      {
        "id": "46d6d9c79edd7a746d9aacc19fa17a57",
        "label": "Vanessa Peruhype Magalhães Pascoal",
        "description": "Vanessa Peruhype Magalhães Pascoal",
        "url": "http://elattes.fiocruz.br.br/analysis/profile/id/863/member/9698329171140813",
        "scores": {
          "Avg. pub. year": 2015.9333
        },
        "weights": {
          "Publications": 75,
          "Events": 20
        },
        "x": -0.6145,
        "y": 0.6388,
        "cluster": 1
      },
      {
        "id": "c4ae802b35403bae1ea6a73d90756d7c",
        "label": "Érica Alessandra Rocha Alves",
        "description": "Érica Alessandra Rocha Alves",
        "url": "http://elattes.fiocruz.br.br/analysis/profile/id/863/member/9853093673691832",
        "scores": {
          "Avg. pub. year": 2019.3529
        },
        "weights": {
          "Publications": 17,
          "Events": 26
        },
        "x": -2.0358,
        "y": 1.5918,
        "cluster": 1
      },
      {
        "id": "91f6e1205c05bc01263d982d7d800e42",
        "label": "Glaucia Fernandes Cota",
        "description": "Glaucia Fernandes Cota",
        "url": "http://elattes.fiocruz.br.br/analysis/profile/id/863/member/9894162318774616",
        "scores": {
          "Avg. pub. year": 2016.8734
        },
        "weights": {
          "Publications": 79,
          "Events": 11
        },
        "x": -2.8794,
        "y": -1.3982,
        "cluster": 2
      }
    ],
    "links": [
      {
        "source_id": "1f8c94eb7391f5c845553fdf69ec9c8a",
        "target_id": "55731ca7937b0734aea4f4111535a3c3",
        "strength": 3
      },
      {
        "source_id": "5a1ca3c229b1a3b82d2eb259dedb24b4",
        "target_id": "8468756346ae7eb5adecc95b1b3d166e",
        "strength": 28
      },
      {
        "source_id": "72a73142104d8e56124360562f6159ff",
        "target_id": "aa6243e73e1039d0edc456259d2701bd",
        "strength": 1
      },
      {
        "source_id": "72a73142104d8e56124360562f6159ff",
        "target_id": "55731ca7937b0734aea4f4111535a3c3",
        "strength": 1
      },
      {
        "source_id": "72a73142104d8e56124360562f6159ff",
        "target_id": "e91774fff3aa5024b5d586d3ecbb68da",
        "strength": 4
      },
      {
        "source_id": "18d8c5ee050f8cf3614965f2ca256787",
        "target_id": "402fee4e661682c9d9fda2b8c5ac1c4d",
        "strength": 5
      },
      {
        "source_id": "18d8c5ee050f8cf3614965f2ca256787",
        "target_id": "46d6d9c79edd7a746d9aacc19fa17a57",
        "strength": 3
      },
      {
        "source_id": "1f8c94eb7391f5c845553fdf69ec9c8a",
        "target_id": "9c48b3390963017e96f37a401e721fa7",
        "strength": 31
      },
      {
        "source_id": "9c48b3390963017e96f37a401e721fa7",
        "target_id": "55731ca7937b0734aea4f4111535a3c3",
        "strength": 1
      },
      {
        "source_id": "9c48b3390963017e96f37a401e721fa7",
        "target_id": "c075b6daffece5a523302b7aadf7c5ca",
        "strength": 1
      },
      {
        "source_id": "9c48b3390963017e96f37a401e721fa7",
        "target_id": "09f305f13add22173d5a59b8a68491d9",
        "strength": 3
      },
      {
        "source_id": "f0d1f594ff6e41042c9c8fc09998d092",
        "target_id": "ec4de92b5f03f359463a3ff45251653a",
        "strength": 6
      },
      {
        "source_id": "ec4de92b5f03f359463a3ff45251653a",
        "target_id": "d273c35108d182803ce8cb32d0cca7ed",
        "strength": 2
      },
      {
        "source_id": "ec4de92b5f03f359463a3ff45251653a",
        "target_id": "e91774fff3aa5024b5d586d3ecbb68da",
        "strength": 1
      },
      {
        "source_id": "ec4de92b5f03f359463a3ff45251653a",
        "target_id": "3f060e6b19ed168f30ebe8a92a198ff8",
        "strength": 1
      },
      {
        "source_id": "ec4de92b5f03f359463a3ff45251653a",
        "target_id": "505e977050a67ac27f482fc30976e961",
        "strength": 11
      },
      {
        "source_id": "ec4de92b5f03f359463a3ff45251653a",
        "target_id": "f2b11d801443ff8973cff3bd52363b1c",
        "strength": 1
      },
      {
        "source_id": "ec4de92b5f03f359463a3ff45251653a",
        "target_id": "1109e30ea19e916d707c64a47f8a8bbc",
        "strength": 1
      },
      {
        "source_id": "ec4de92b5f03f359463a3ff45251653a",
        "target_id": "0495cfc56fb7135018060dd22873e78e",
        "strength": 4
      },
      {
        "source_id": "ec4de92b5f03f359463a3ff45251653a",
        "target_id": "373ada420f12d2a6f5fa5f2f902a3ae2",
        "strength": 2
      },
      {
        "source_id": "ec4de92b5f03f359463a3ff45251653a",
        "target_id": "672e6dea945b8f35d124b1fc9e4d236f",
        "strength": 1
      },
      {
        "source_id": "545d74bda32509674c6eef99940cb0b8",
        "target_id": "d46e9cea842a54494dbfb0d687afac28",
        "strength": 3
      },
      {
        "source_id": "545d74bda32509674c6eef99940cb0b8",
        "target_id": "84804e02cbb0c55774e5df001cb5ed04",
        "strength": 1
      },
      {
        "source_id": "545d74bda32509674c6eef99940cb0b8",
        "target_id": "3f060e6b19ed168f30ebe8a92a198ff8",
        "strength": 1
      },
      {
        "source_id": "545d74bda32509674c6eef99940cb0b8",
        "target_id": "ed3e3a25d73e915cfc289805a40d4a09",
        "strength": 4
      },
      {
        "source_id": "545d74bda32509674c6eef99940cb0b8",
        "target_id": "0707611225428270cdbfd6f2c7c7c482",
        "strength": 3
      },
      {
        "source_id": "545d74bda32509674c6eef99940cb0b8",
        "target_id": "c4ae802b35403bae1ea6a73d90756d7c",
        "strength": 5
      },
      {
        "source_id": "5a1ca3c229b1a3b82d2eb259dedb24b4",
        "target_id": "d46e9cea842a54494dbfb0d687afac28",
        "strength": 1
      },
      {
        "source_id": "aa6243e73e1039d0edc456259d2701bd",
        "target_id": "d46e9cea842a54494dbfb0d687afac28",
        "strength": 1
      },
      {
        "source_id": "d46e9cea842a54494dbfb0d687afac28",
        "target_id": "84804e02cbb0c55774e5df001cb5ed04",
        "strength": 2
      },
      {
        "source_id": "d46e9cea842a54494dbfb0d687afac28",
        "target_id": "bb0d6fa033276821215a89631ca9bbec",
        "strength": 2
      },
      {
        "source_id": "d46e9cea842a54494dbfb0d687afac28",
        "target_id": "3f060e6b19ed168f30ebe8a92a198ff8",
        "strength": 6
      },
      {
        "source_id": "d46e9cea842a54494dbfb0d687afac28",
        "target_id": "402fee4e661682c9d9fda2b8c5ac1c4d",
        "strength": 3
      },
      {
        "source_id": "d46e9cea842a54494dbfb0d687afac28",
        "target_id": "ed3e3a25d73e915cfc289805a40d4a09",
        "strength": 5
      },
      {
        "source_id": "d46e9cea842a54494dbfb0d687afac28",
        "target_id": "672e6dea945b8f35d124b1fc9e4d236f",
        "strength": 1
      },
      {
        "source_id": "d46e9cea842a54494dbfb0d687afac28",
        "target_id": "46d6d9c79edd7a746d9aacc19fa17a57",
        "strength": 1
      },
      {
        "source_id": "375f3e7a02951581b72eb10ec4d71110",
        "target_id": "7a6d58a9bfa4b22f4b0082befe64ae03",
        "strength": 15
      },
      {
        "source_id": "375f3e7a02951581b72eb10ec4d71110",
        "target_id": "402fee4e661682c9d9fda2b8c5ac1c4d",
        "strength": 2
      },
      {
        "source_id": "375f3e7a02951581b72eb10ec4d71110",
        "target_id": "672e6dea945b8f35d124b1fc9e4d236f",
        "strength": 1
      },
      {
        "source_id": "375f3e7a02951581b72eb10ec4d71110",
        "target_id": "29d0b16e408b4397bed1ceca55207658",
        "strength": 1
      },
      {
        "source_id": "29d0b16e408b4397bed1ceca55207658",
        "target_id": "373ada420f12d2a6f5fa5f2f902a3ae2",
        "strength": 1
      },
      {
        "source_id": "f0d1f594ff6e41042c9c8fc09998d092",
        "target_id": "3a7e3a760b44109fa88180c9ac8fefe6",
        "strength": 1
      },
      {
        "source_id": "72a73142104d8e56124360562f6159ff",
        "target_id": "3a7e3a760b44109fa88180c9ac8fefe6",
        "strength": 1
      },
      {
        "source_id": "18d8c5ee050f8cf3614965f2ca256787",
        "target_id": "3a7e3a760b44109fa88180c9ac8fefe6",
        "strength": 2
      },
      {
        "source_id": "84804e02cbb0c55774e5df001cb5ed04",
        "target_id": "3a7e3a760b44109fa88180c9ac8fefe6",
        "strength": 1
      },
      {
        "source_id": "3a7e3a760b44109fa88180c9ac8fefe6",
        "target_id": "e91774fff3aa5024b5d586d3ecbb68da",
        "strength": 4
      },
      {
        "source_id": "3a7e3a760b44109fa88180c9ac8fefe6",
        "target_id": "3f060e6b19ed168f30ebe8a92a198ff8",
        "strength": 2
      },
      {
        "source_id": "3a7e3a760b44109fa88180c9ac8fefe6",
        "target_id": "402fee4e661682c9d9fda2b8c5ac1c4d",
        "strength": 57
      },
      {
        "source_id": "3a7e3a760b44109fa88180c9ac8fefe6",
        "target_id": "d5129b230863eed443be1c4b30807580",
        "strength": 1
      },
      {
        "source_id": "3a7e3a760b44109fa88180c9ac8fefe6",
        "target_id": "09f305f13add22173d5a59b8a68491d9",
        "strength": 1
      },
      {
        "source_id": "3a7e3a760b44109fa88180c9ac8fefe6",
        "target_id": "0495cfc56fb7135018060dd22873e78e",
        "strength": 1
      },
      {
        "source_id": "3a7e3a760b44109fa88180c9ac8fefe6",
        "target_id": "0707611225428270cdbfd6f2c7c7c482",
        "strength": 2
      },
      {
        "source_id": "3a7e3a760b44109fa88180c9ac8fefe6",
        "target_id": "46d6d9c79edd7a746d9aacc19fa17a57",
        "strength": 10
      },
      {
        "source_id": "3a7e3a760b44109fa88180c9ac8fefe6",
        "target_id": "6e94bdb3e477cb430e98291dda4ba1c7",
        "strength": 1
      },
      {
        "source_id": "6e94bdb3e477cb430e98291dda4ba1c7",
        "target_id": "e91774fff3aa5024b5d586d3ecbb68da",
        "strength": 2
      },
      {
        "source_id": "6e94bdb3e477cb430e98291dda4ba1c7",
        "target_id": "0495cfc56fb7135018060dd22873e78e",
        "strength": 1
      },
      {
        "source_id": "6e94bdb3e477cb430e98291dda4ba1c7",
        "target_id": "373ada420f12d2a6f5fa5f2f902a3ae2",
        "strength": 3
      },
      {
        "source_id": "6e94bdb3e477cb430e98291dda4ba1c7",
        "target_id": "ed3e3a25d73e915cfc289805a40d4a09",
        "strength": 1
      },
      {
        "source_id": "6e94bdb3e477cb430e98291dda4ba1c7",
        "target_id": "672e6dea945b8f35d124b1fc9e4d236f",
        "strength": 1
      },
      {
        "source_id": "3a7e3a760b44109fa88180c9ac8fefe6",
        "target_id": "eb48d58d272d28cd9d1f5d354e77b9cf",
        "strength": 1
      },
      {
        "source_id": "6e94bdb3e477cb430e98291dda4ba1c7",
        "target_id": "eb48d58d272d28cd9d1f5d354e77b9cf",
        "strength": 1
      },
      {
        "source_id": "eb48d58d272d28cd9d1f5d354e77b9cf",
        "target_id": "69146403e7c404bb3e068d58c835dd5c",
        "strength": 1
      },
      {
        "source_id": "eb48d58d272d28cd9d1f5d354e77b9cf",
        "target_id": "4051840902f5732938b47976783c04c8",
        "strength": 1
      },
      {
        "source_id": "eb48d58d272d28cd9d1f5d354e77b9cf",
        "target_id": "8468756346ae7eb5adecc95b1b3d166e",
        "strength": 1
      },
      {
        "source_id": "eb48d58d272d28cd9d1f5d354e77b9cf",
        "target_id": "402fee4e661682c9d9fda2b8c5ac1c4d",
        "strength": 2
      },
      {
        "source_id": "eb48d58d272d28cd9d1f5d354e77b9cf",
        "target_id": "505e977050a67ac27f482fc30976e961",
        "strength": 1
      },
      {
        "source_id": "eb48d58d272d28cd9d1f5d354e77b9cf",
        "target_id": "8cd10e095cebe2528eb17128ce8a748a",
        "strength": 1
      },
      {
        "source_id": "eb48d58d272d28cd9d1f5d354e77b9cf",
        "target_id": "672e6dea945b8f35d124b1fc9e4d236f",
        "strength": 2
      },
      {
        "source_id": "eb48d58d272d28cd9d1f5d354e77b9cf",
        "target_id": "58e449e6c14acafad90f8380249a9144",
        "strength": 1
      },
      {
        "source_id": "1f8c94eb7391f5c845553fdf69ec9c8a",
        "target_id": "0a76f3ac7a28b27d208bded7e0c516da",
        "strength": 1
      },
      {
        "source_id": "ec4de92b5f03f359463a3ff45251653a",
        "target_id": "0a76f3ac7a28b27d208bded7e0c516da",
        "strength": 1
      },
      {
        "source_id": "0a76f3ac7a28b27d208bded7e0c516da",
        "target_id": "a4282da5d9f1c0ee34458b63b7782bec",
        "strength": 5
      },
      {
        "source_id": "0a76f3ac7a28b27d208bded7e0c516da",
        "target_id": "f2b11d801443ff8973cff3bd52363b1c",
        "strength": 7
      },
      {
        "source_id": "0a76f3ac7a28b27d208bded7e0c516da",
        "target_id": "09f305f13add22173d5a59b8a68491d9",
        "strength": 1
      },
      {
        "source_id": "1f8c94eb7391f5c845553fdf69ec9c8a",
        "target_id": "3097c0d8e94a6746ee4a40f75fc44fc4",
        "strength": 3
      },
      {
        "source_id": "9c48b3390963017e96f37a401e721fa7",
        "target_id": "3097c0d8e94a6746ee4a40f75fc44fc4",
        "strength": 4
      },
      {
        "source_id": "84804e02cbb0c55774e5df001cb5ed04",
        "target_id": "3097c0d8e94a6746ee4a40f75fc44fc4",
        "strength": 1
      },
      {
        "source_id": "3097c0d8e94a6746ee4a40f75fc44fc4",
        "target_id": "d273c35108d182803ce8cb32d0cca7ed",
        "strength": 5
      },
      {
        "source_id": "3097c0d8e94a6746ee4a40f75fc44fc4",
        "target_id": "bb0d6fa033276821215a89631ca9bbec",
        "strength": 1
      },
      {
        "source_id": "3097c0d8e94a6746ee4a40f75fc44fc4",
        "target_id": "a4282da5d9f1c0ee34458b63b7782bec",
        "strength": 2
      },
      {
        "source_id": "3097c0d8e94a6746ee4a40f75fc44fc4",
        "target_id": "3591c83ce7fd565040970fafccea0c6a",
        "strength": 7
      },
      {
        "source_id": "3097c0d8e94a6746ee4a40f75fc44fc4",
        "target_id": "09f305f13add22173d5a59b8a68491d9",
        "strength": 4
      },
      {
        "source_id": "3097c0d8e94a6746ee4a40f75fc44fc4",
        "target_id": "58e449e6c14acafad90f8380249a9144",
        "strength": 2
      },
      {
        "source_id": "3097c0d8e94a6746ee4a40f75fc44fc4",
        "target_id": "91f6e1205c05bc01263d982d7d800e42",
        "strength": 9
      },
      {
        "source_id": "f0d1f594ff6e41042c9c8fc09998d092",
        "target_id": "69146403e7c404bb3e068d58c835dd5c",
        "strength": 2
      },
      {
        "source_id": "5a1ca3c229b1a3b82d2eb259dedb24b4",
        "target_id": "69146403e7c404bb3e068d58c835dd5c",
        "strength": 1
      },
      {
        "source_id": "18d8c5ee050f8cf3614965f2ca256787",
        "target_id": "69146403e7c404bb3e068d58c835dd5c",
        "strength": 2
      },
      {
        "source_id": "d46e9cea842a54494dbfb0d687afac28",
        "target_id": "69146403e7c404bb3e068d58c835dd5c",
        "strength": 2
      },
      {
        "source_id": "84804e02cbb0c55774e5df001cb5ed04",
        "target_id": "69146403e7c404bb3e068d58c835dd5c",
        "strength": 12
      },
      {
        "source_id": "3a7e3a760b44109fa88180c9ac8fefe6",
        "target_id": "69146403e7c404bb3e068d58c835dd5c",
        "strength": 31
      },
      {
        "source_id": "6e94bdb3e477cb430e98291dda4ba1c7",
        "target_id": "69146403e7c404bb3e068d58c835dd5c",
        "strength": 1
      },
      {
        "source_id": "69146403e7c404bb3e068d58c835dd5c",
        "target_id": "d273c35108d182803ce8cb32d0cca7ed",
        "strength": 2
      },
      {
        "source_id": "69146403e7c404bb3e068d58c835dd5c",
        "target_id": "e91774fff3aa5024b5d586d3ecbb68da",
        "strength": 1
      },
      {
        "source_id": "69146403e7c404bb3e068d58c835dd5c",
        "target_id": "7a6d58a9bfa4b22f4b0082befe64ae03",
        "strength": 1
      },
      {
        "source_id": "69146403e7c404bb3e068d58c835dd5c",
        "target_id": "402fee4e661682c9d9fda2b8c5ac1c4d",
        "strength": 182
      },
      {
        "source_id": "69146403e7c404bb3e068d58c835dd5c",
        "target_id": "505e977050a67ac27f482fc30976e961",
        "strength": 4
      },
      {
        "source_id": "69146403e7c404bb3e068d58c835dd5c",
        "target_id": "8cd10e095cebe2528eb17128ce8a748a",
        "strength": 3
      },
      {
        "source_id": "69146403e7c404bb3e068d58c835dd5c",
        "target_id": "d5129b230863eed443be1c4b30807580",
        "strength": 1
      },
      {
        "source_id": "69146403e7c404bb3e068d58c835dd5c",
        "target_id": "0495cfc56fb7135018060dd22873e78e",
        "strength": 6
      },
      {
        "source_id": "69146403e7c404bb3e068d58c835dd5c",
        "target_id": "373ada420f12d2a6f5fa5f2f902a3ae2",
        "strength": 4
      },
      {
        "source_id": "69146403e7c404bb3e068d58c835dd5c",
        "target_id": "ed3e3a25d73e915cfc289805a40d4a09",
        "strength": 3
      },
      {
        "source_id": "69146403e7c404bb3e068d58c835dd5c",
        "target_id": "0707611225428270cdbfd6f2c7c7c482",
        "strength": 39
      },
      {
        "source_id": "69146403e7c404bb3e068d58c835dd5c",
        "target_id": "811c5581de1a75af8c3060c3f84d07f9",
        "strength": 2
      },
      {
        "source_id": "69146403e7c404bb3e068d58c835dd5c",
        "target_id": "46d6d9c79edd7a746d9aacc19fa17a57",
        "strength": 51
      },
      {
        "source_id": "f0d1f594ff6e41042c9c8fc09998d092",
        "target_id": "d273c35108d182803ce8cb32d0cca7ed",
        "strength": 2
      },
      {
        "source_id": "1f8c94eb7391f5c845553fdf69ec9c8a",
        "target_id": "d273c35108d182803ce8cb32d0cca7ed",
        "strength": 1
      },
      {
        "source_id": "84804e02cbb0c55774e5df001cb5ed04",
        "target_id": "d273c35108d182803ce8cb32d0cca7ed",
        "strength": 5
      },
      {
        "source_id": "d273c35108d182803ce8cb32d0cca7ed",
        "target_id": "bb0d6fa033276821215a89631ca9bbec",
        "strength": 4
      },
      {
        "source_id": "d273c35108d182803ce8cb32d0cca7ed",
        "target_id": "402fee4e661682c9d9fda2b8c5ac1c4d",
        "strength": 2
      },
      {
        "source_id": "d273c35108d182803ce8cb32d0cca7ed",
        "target_id": "505e977050a67ac27f482fc30976e961",
        "strength": 10
      },
      {
        "source_id": "d273c35108d182803ce8cb32d0cca7ed",
        "target_id": "09f305f13add22173d5a59b8a68491d9",
        "strength": 1
      },
      {
        "source_id": "d273c35108d182803ce8cb32d0cca7ed",
        "target_id": "811c5581de1a75af8c3060c3f84d07f9",
        "strength": 1
      },
      {
        "source_id": "d273c35108d182803ce8cb32d0cca7ed",
        "target_id": "46d6d9c79edd7a746d9aacc19fa17a57",
        "strength": 5
      },
      {
        "source_id": "d273c35108d182803ce8cb32d0cca7ed",
        "target_id": "91f6e1205c05bc01263d982d7d800e42",
        "strength": 5
      },
      {
        "source_id": "5a1ca3c229b1a3b82d2eb259dedb24b4",
        "target_id": "c075b6daffece5a523302b7aadf7c5ca",
        "strength": 1
      },
      {
        "source_id": "72a73142104d8e56124360562f6159ff",
        "target_id": "c075b6daffece5a523302b7aadf7c5ca",
        "strength": 49
      },
      {
        "source_id": "55731ca7937b0734aea4f4111535a3c3",
        "target_id": "c075b6daffece5a523302b7aadf7c5ca",
        "strength": 2
      },
      {
        "source_id": "3a7e3a760b44109fa88180c9ac8fefe6",
        "target_id": "c075b6daffece5a523302b7aadf7c5ca",
        "strength": 2
      },
      {
        "source_id": "c075b6daffece5a523302b7aadf7c5ca",
        "target_id": "e91774fff3aa5024b5d586d3ecbb68da",
        "strength": 3
      },
      {
        "source_id": "c075b6daffece5a523302b7aadf7c5ca",
        "target_id": "505e977050a67ac27f482fc30976e961",
        "strength": 2
      },
      {
        "source_id": "c075b6daffece5a523302b7aadf7c5ca",
        "target_id": "ed3e3a25d73e915cfc289805a40d4a09",
        "strength": 1
      },
      {
        "source_id": "f0d1f594ff6e41042c9c8fc09998d092",
        "target_id": "4d17ef486e49164ef650576e6683a645",
        "strength": 1
      },
      {
        "source_id": "18d8c5ee050f8cf3614965f2ca256787",
        "target_id": "4d17ef486e49164ef650576e6683a645",
        "strength": 2
      },
      {
        "source_id": "aa6243e73e1039d0edc456259d2701bd",
        "target_id": "4d17ef486e49164ef650576e6683a645",
        "strength": 2
      },
      {
        "source_id": "d46e9cea842a54494dbfb0d687afac28",
        "target_id": "4d17ef486e49164ef650576e6683a645",
        "strength": 1
      },
      {
        "source_id": "84804e02cbb0c55774e5df001cb5ed04",
        "target_id": "4d17ef486e49164ef650576e6683a645",
        "strength": 1
      },
      {
        "source_id": "3a7e3a760b44109fa88180c9ac8fefe6",
        "target_id": "4d17ef486e49164ef650576e6683a645",
        "strength": 3
      },
      {
        "source_id": "69146403e7c404bb3e068d58c835dd5c",
        "target_id": "4d17ef486e49164ef650576e6683a645",
        "strength": 27
      },
      {
        "source_id": "4d17ef486e49164ef650576e6683a645",
        "target_id": "4051840902f5732938b47976783c04c8",
        "strength": 1
      },
      {
        "source_id": "4d17ef486e49164ef650576e6683a645",
        "target_id": "feb05be989e75d13b42042b1f84cb35f",
        "strength": 3
      },
      {
        "source_id": "4d17ef486e49164ef650576e6683a645",
        "target_id": "402fee4e661682c9d9fda2b8c5ac1c4d",
        "strength": 31
      },
      {
        "source_id": "4d17ef486e49164ef650576e6683a645",
        "target_id": "8cd10e095cebe2528eb17128ce8a748a",
        "strength": 1
      },
      {
        "source_id": "4d17ef486e49164ef650576e6683a645",
        "target_id": "0495cfc56fb7135018060dd22873e78e",
        "strength": 4
      },
      {
        "source_id": "4d17ef486e49164ef650576e6683a645",
        "target_id": "ed3e3a25d73e915cfc289805a40d4a09",
        "strength": 1
      },
      {
        "source_id": "4d17ef486e49164ef650576e6683a645",
        "target_id": "0acea8f66868fcfdb7f7c3257dbfcd5e",
        "strength": 2
      },
      {
        "source_id": "4d17ef486e49164ef650576e6683a645",
        "target_id": "0707611225428270cdbfd6f2c7c7c482",
        "strength": 1
      },
      {
        "source_id": "4d17ef486e49164ef650576e6683a645",
        "target_id": "58e449e6c14acafad90f8380249a9144",
        "strength": 24
      },
      {
        "source_id": "4d17ef486e49164ef650576e6683a645",
        "target_id": "811c5581de1a75af8c3060c3f84d07f9",
        "strength": 5
      },
      {
        "source_id": "4d17ef486e49164ef650576e6683a645",
        "target_id": "46d6d9c79edd7a746d9aacc19fa17a57",
        "strength": 9
      },
      {
        "source_id": "5a1ca3c229b1a3b82d2eb259dedb24b4",
        "target_id": "4051840902f5732938b47976783c04c8",
        "strength": 33
      },
      {
        "source_id": "69146403e7c404bb3e068d58c835dd5c",
        "target_id": "4051840902f5732938b47976783c04c8",
        "strength": 1
      },
      {
        "source_id": "4051840902f5732938b47976783c04c8",
        "target_id": "8468756346ae7eb5adecc95b1b3d166e",
        "strength": 25
      },
      {
        "source_id": "4051840902f5732938b47976783c04c8",
        "target_id": "0acea8f66868fcfdb7f7c3257dbfcd5e",
        "strength": 19
      },
      {
        "source_id": "84804e02cbb0c55774e5df001cb5ed04",
        "target_id": "bb0d6fa033276821215a89631ca9bbec",
        "strength": 1
      },
      {
        "source_id": "bb0d6fa033276821215a89631ca9bbec",
        "target_id": "402fee4e661682c9d9fda2b8c5ac1c4d",
        "strength": 3
      },
      {
        "source_id": "bb0d6fa033276821215a89631ca9bbec",
        "target_id": "505e977050a67ac27f482fc30976e961",
        "strength": 12
      },
      {
        "source_id": "bb0d6fa033276821215a89631ca9bbec",
        "target_id": "672e6dea945b8f35d124b1fc9e4d236f",
        "strength": 4
      },
      {
        "source_id": "bb0d6fa033276821215a89631ca9bbec",
        "target_id": "91f6e1205c05bc01263d982d7d800e42",
        "strength": 1
      },
      {
        "source_id": "aa6243e73e1039d0edc456259d2701bd",
        "target_id": "e91774fff3aa5024b5d586d3ecbb68da",
        "strength": 5
      },
      {
        "source_id": "55731ca7937b0734aea4f4111535a3c3",
        "target_id": "e91774fff3aa5024b5d586d3ecbb68da",
        "strength": 5
      },
      {
        "source_id": "e91774fff3aa5024b5d586d3ecbb68da",
        "target_id": "402fee4e661682c9d9fda2b8c5ac1c4d",
        "strength": 4
      },
      {
        "source_id": "e91774fff3aa5024b5d586d3ecbb68da",
        "target_id": "7a6d58a9bfa4b22f4b0082befe64ae03",
        "strength": 2
      },
      {
        "source_id": "7a6d58a9bfa4b22f4b0082befe64ae03",
        "target_id": "402fee4e661682c9d9fda2b8c5ac1c4d",
        "strength": 2
      },
      {
        "source_id": "7a6d58a9bfa4b22f4b0082befe64ae03",
        "target_id": "672e6dea945b8f35d124b1fc9e4d236f",
        "strength": 1
      },
      {
        "source_id": "d273c35108d182803ce8cb32d0cca7ed",
        "target_id": "3f060e6b19ed168f30ebe8a92a198ff8",
        "strength": 1
      },
      {
        "source_id": "3f060e6b19ed168f30ebe8a92a198ff8",
        "target_id": "402fee4e661682c9d9fda2b8c5ac1c4d",
        "strength": 2
      },
      {
        "source_id": "3f060e6b19ed168f30ebe8a92a198ff8",
        "target_id": "ed3e3a25d73e915cfc289805a40d4a09",
        "strength": 1
      },
      {
        "source_id": "f0d1f594ff6e41042c9c8fc09998d092",
        "target_id": "feb05be989e75d13b42042b1f84cb35f",
        "strength": 1
      },
      {
        "source_id": "18d8c5ee050f8cf3614965f2ca256787",
        "target_id": "feb05be989e75d13b42042b1f84cb35f",
        "strength": 7
      },
      {
        "source_id": "aa6243e73e1039d0edc456259d2701bd",
        "target_id": "feb05be989e75d13b42042b1f84cb35f",
        "strength": 2
      },
      {
        "source_id": "84804e02cbb0c55774e5df001cb5ed04",
        "target_id": "feb05be989e75d13b42042b1f84cb35f",
        "strength": 1
      },
      {
        "source_id": "3a7e3a760b44109fa88180c9ac8fefe6",
        "target_id": "feb05be989e75d13b42042b1f84cb35f",
        "strength": 1
      },
      {
        "source_id": "69146403e7c404bb3e068d58c835dd5c",
        "target_id": "feb05be989e75d13b42042b1f84cb35f",
        "strength": 1
      },
      {
        "source_id": "feb05be989e75d13b42042b1f84cb35f",
        "target_id": "402fee4e661682c9d9fda2b8c5ac1c4d",
        "strength": 1
      },
      {
        "source_id": "feb05be989e75d13b42042b1f84cb35f",
        "target_id": "8cd10e095cebe2528eb17128ce8a748a",
        "strength": 1
      },
      {
        "source_id": "feb05be989e75d13b42042b1f84cb35f",
        "target_id": "58e449e6c14acafad90f8380249a9144",
        "strength": 16
      },
      {
        "source_id": "feb05be989e75d13b42042b1f84cb35f",
        "target_id": "46d6d9c79edd7a746d9aacc19fa17a57",
        "strength": 1
      },
      {
        "source_id": "feb05be989e75d13b42042b1f84cb35f",
        "target_id": "c4ae802b35403bae1ea6a73d90756d7c",
        "strength": 1
      },
      {
        "source_id": "5a1ca3c229b1a3b82d2eb259dedb24b4",
        "target_id": "60d05031a0fcb425802aa201569823b3",
        "strength": 2
      },
      {
        "source_id": "ec4de92b5f03f359463a3ff45251653a",
        "target_id": "60d05031a0fcb425802aa201569823b3",
        "strength": 2
      },
      {
        "source_id": "375f3e7a02951581b72eb10ec4d71110",
        "target_id": "60d05031a0fcb425802aa201569823b3",
        "strength": 2
      },
      {
        "source_id": "10d9bc14412baddd64e23a1b0b609a32",
        "target_id": "60d05031a0fcb425802aa201569823b3",
        "strength": 7
      },
      {
        "source_id": "0a76f3ac7a28b27d208bded7e0c516da",
        "target_id": "60d05031a0fcb425802aa201569823b3",
        "strength": 1
      },
      {
        "source_id": "c075b6daffece5a523302b7aadf7c5ca",
        "target_id": "60d05031a0fcb425802aa201569823b3",
        "strength": 1
      },
      {
        "source_id": "60d05031a0fcb425802aa201569823b3",
        "target_id": "505e977050a67ac27f482fc30976e961",
        "strength": 2
      },
      {
        "source_id": "60d05031a0fcb425802aa201569823b3",
        "target_id": "f2b11d801443ff8973cff3bd52363b1c",
        "strength": 1
      },
      {
        "source_id": "60d05031a0fcb425802aa201569823b3",
        "target_id": "d5129b230863eed443be1c4b30807580",
        "strength": 1
      },
      {
        "source_id": "60d05031a0fcb425802aa201569823b3",
        "target_id": "1109e30ea19e916d707c64a47f8a8bbc",
        "strength": 1
      },
      {
        "source_id": "60d05031a0fcb425802aa201569823b3",
        "target_id": "672e6dea945b8f35d124b1fc9e4d236f",
        "strength": 1
      },
      {
        "source_id": "f0d1f594ff6e41042c9c8fc09998d092",
        "target_id": "402fee4e661682c9d9fda2b8c5ac1c4d",
        "strength": 2
      },
      {
        "source_id": "aa6243e73e1039d0edc456259d2701bd",
        "target_id": "402fee4e661682c9d9fda2b8c5ac1c4d",
        "strength": 2
      },
      {
        "source_id": "84804e02cbb0c55774e5df001cb5ed04",
        "target_id": "402fee4e661682c9d9fda2b8c5ac1c4d",
        "strength": 16
      },
      {
        "source_id": "402fee4e661682c9d9fda2b8c5ac1c4d",
        "target_id": "0707611225428270cdbfd6f2c7c7c482",
        "strength": 50
      },
      {
        "source_id": "f0d1f594ff6e41042c9c8fc09998d092",
        "target_id": "f9fa245bef0ef57c3dce31b8b522d7ee",
        "strength": 3
      },
      {
        "source_id": "ec4de92b5f03f359463a3ff45251653a",
        "target_id": "f9fa245bef0ef57c3dce31b8b522d7ee",
        "strength": 1
      },
      {
        "source_id": "6e94bdb3e477cb430e98291dda4ba1c7",
        "target_id": "f9fa245bef0ef57c3dce31b8b522d7ee",
        "strength": 1
      },
      {
        "source_id": "eb48d58d272d28cd9d1f5d354e77b9cf",
        "target_id": "f9fa245bef0ef57c3dce31b8b522d7ee",
        "strength": 1
      },
      {
        "source_id": "69146403e7c404bb3e068d58c835dd5c",
        "target_id": "f9fa245bef0ef57c3dce31b8b522d7ee",
        "strength": 1
      },
      {
        "source_id": "d273c35108d182803ce8cb32d0cca7ed",
        "target_id": "f9fa245bef0ef57c3dce31b8b522d7ee",
        "strength": 3
      },
      {
        "source_id": "4d17ef486e49164ef650576e6683a645",
        "target_id": "f9fa245bef0ef57c3dce31b8b522d7ee",
        "strength": 1
      },
      {
        "source_id": "402fee4e661682c9d9fda2b8c5ac1c4d",
        "target_id": "f9fa245bef0ef57c3dce31b8b522d7ee",
        "strength": 1
      },
      {
        "source_id": "f9fa245bef0ef57c3dce31b8b522d7ee",
        "target_id": "8cd10e095cebe2528eb17128ce8a748a",
        "strength": 2
      },
      {
        "source_id": "f9fa245bef0ef57c3dce31b8b522d7ee",
        "target_id": "0495cfc56fb7135018060dd22873e78e",
        "strength": 8
      },
      {
        "source_id": "f9fa245bef0ef57c3dce31b8b522d7ee",
        "target_id": "373ada420f12d2a6f5fa5f2f902a3ae2",
        "strength": 2
      },
      {
        "source_id": "f9fa245bef0ef57c3dce31b8b522d7ee",
        "target_id": "ed3e3a25d73e915cfc289805a40d4a09",
        "strength": 1
      },
      {
        "source_id": "f9fa245bef0ef57c3dce31b8b522d7ee",
        "target_id": "0707611225428270cdbfd6f2c7c7c482",
        "strength": 1
      },
      {
        "source_id": "f9fa245bef0ef57c3dce31b8b522d7ee",
        "target_id": "672e6dea945b8f35d124b1fc9e4d236f",
        "strength": 1
      },
      {
        "source_id": "f9fa245bef0ef57c3dce31b8b522d7ee",
        "target_id": "46d6d9c79edd7a746d9aacc19fa17a57",
        "strength": 1
      },
      {
        "source_id": "402fee4e661682c9d9fda2b8c5ac1c4d",
        "target_id": "505e977050a67ac27f482fc30976e961",
        "strength": 3
      },
      {
        "source_id": "505e977050a67ac27f482fc30976e961",
        "target_id": "0707611225428270cdbfd6f2c7c7c482",
        "strength": 2
      },
      {
        "source_id": "aa6243e73e1039d0edc456259d2701bd",
        "target_id": "8cd10e095cebe2528eb17128ce8a748a",
        "strength": 2
      },
      {
        "source_id": "d46e9cea842a54494dbfb0d687afac28",
        "target_id": "8cd10e095cebe2528eb17128ce8a748a",
        "strength": 3
      },
      {
        "source_id": "84804e02cbb0c55774e5df001cb5ed04",
        "target_id": "8cd10e095cebe2528eb17128ce8a748a",
        "strength": 5
      },
      {
        "source_id": "6e94bdb3e477cb430e98291dda4ba1c7",
        "target_id": "8cd10e095cebe2528eb17128ce8a748a",
        "strength": 4
      },
      {
        "source_id": "bb0d6fa033276821215a89631ca9bbec",
        "target_id": "8cd10e095cebe2528eb17128ce8a748a",
        "strength": 2
      },
      {
        "source_id": "402fee4e661682c9d9fda2b8c5ac1c4d",
        "target_id": "8cd10e095cebe2528eb17128ce8a748a",
        "strength": 7
      },
      {
        "source_id": "8cd10e095cebe2528eb17128ce8a748a",
        "target_id": "09f305f13add22173d5a59b8a68491d9",
        "strength": 1
      },
      {
        "source_id": "8cd10e095cebe2528eb17128ce8a748a",
        "target_id": "0495cfc56fb7135018060dd22873e78e",
        "strength": 2
      },
      {
        "source_id": "8cd10e095cebe2528eb17128ce8a748a",
        "target_id": "ed3e3a25d73e915cfc289805a40d4a09",
        "strength": 6
      },
      {
        "source_id": "8cd10e095cebe2528eb17128ce8a748a",
        "target_id": "672e6dea945b8f35d124b1fc9e4d236f",
        "strength": 4
      },
      {
        "source_id": "8cd10e095cebe2528eb17128ce8a748a",
        "target_id": "46d6d9c79edd7a746d9aacc19fa17a57",
        "strength": 1
      },
      {
        "source_id": "1f8c94eb7391f5c845553fdf69ec9c8a",
        "target_id": "a4282da5d9f1c0ee34458b63b7782bec",
        "strength": 2
      },
      {
        "source_id": "5a1ca3c229b1a3b82d2eb259dedb24b4",
        "target_id": "a4282da5d9f1c0ee34458b63b7782bec",
        "strength": 1
      },
      {
        "source_id": "55731ca7937b0734aea4f4111535a3c3",
        "target_id": "a4282da5d9f1c0ee34458b63b7782bec",
        "strength": 1
      },
      {
        "source_id": "84804e02cbb0c55774e5df001cb5ed04",
        "target_id": "a4282da5d9f1c0ee34458b63b7782bec",
        "strength": 3
      },
      {
        "source_id": "3a7e3a760b44109fa88180c9ac8fefe6",
        "target_id": "a4282da5d9f1c0ee34458b63b7782bec",
        "strength": 2
      },
      {
        "source_id": "6e94bdb3e477cb430e98291dda4ba1c7",
        "target_id": "a4282da5d9f1c0ee34458b63b7782bec",
        "strength": 2
      },
      {
        "source_id": "69146403e7c404bb3e068d58c835dd5c",
        "target_id": "a4282da5d9f1c0ee34458b63b7782bec",
        "strength": 7
      },
      {
        "source_id": "e91774fff3aa5024b5d586d3ecbb68da",
        "target_id": "a4282da5d9f1c0ee34458b63b7782bec",
        "strength": 6
      },
      {
        "source_id": "402fee4e661682c9d9fda2b8c5ac1c4d",
        "target_id": "a4282da5d9f1c0ee34458b63b7782bec",
        "strength": 8
      },
      {
        "source_id": "a4282da5d9f1c0ee34458b63b7782bec",
        "target_id": "f2b11d801443ff8973cff3bd52363b1c",
        "strength": 10
      },
      {
        "source_id": "a4282da5d9f1c0ee34458b63b7782bec",
        "target_id": "09f305f13add22173d5a59b8a68491d9",
        "strength": 10
      },
      {
        "source_id": "a4282da5d9f1c0ee34458b63b7782bec",
        "target_id": "373ada420f12d2a6f5fa5f2f902a3ae2",
        "strength": 1
      },
      {
        "source_id": "a4282da5d9f1c0ee34458b63b7782bec",
        "target_id": "46d6d9c79edd7a746d9aacc19fa17a57",
        "strength": 4
      },
      {
        "source_id": "69146403e7c404bb3e068d58c835dd5c",
        "target_id": "3591c83ce7fd565040970fafccea0c6a",
        "strength": 1
      },
      {
        "source_id": "d273c35108d182803ce8cb32d0cca7ed",
        "target_id": "3591c83ce7fd565040970fafccea0c6a",
        "strength": 20
      },
      {
        "source_id": "bb0d6fa033276821215a89631ca9bbec",
        "target_id": "3591c83ce7fd565040970fafccea0c6a",
        "strength": 2
      },
      {
        "source_id": "3f060e6b19ed168f30ebe8a92a198ff8",
        "target_id": "3591c83ce7fd565040970fafccea0c6a",
        "strength": 5
      },
      {
        "source_id": "402fee4e661682c9d9fda2b8c5ac1c4d",
        "target_id": "3591c83ce7fd565040970fafccea0c6a",
        "strength": 1
      },
      {
        "source_id": "505e977050a67ac27f482fc30976e961",
        "target_id": "3591c83ce7fd565040970fafccea0c6a",
        "strength": 5
      },
      {
        "source_id": "3591c83ce7fd565040970fafccea0c6a",
        "target_id": "0707611225428270cdbfd6f2c7c7c482",
        "strength": 1
      },
      {
        "source_id": "3591c83ce7fd565040970fafccea0c6a",
        "target_id": "46d6d9c79edd7a746d9aacc19fa17a57",
        "strength": 5
      },
      {
        "source_id": "3591c83ce7fd565040970fafccea0c6a",
        "target_id": "91f6e1205c05bc01263d982d7d800e42",
        "strength": 32
      },
      {
        "source_id": "1f8c94eb7391f5c845553fdf69ec9c8a",
        "target_id": "f2b11d801443ff8973cff3bd52363b1c",
        "strength": 1
      },
      {
        "source_id": "55731ca7937b0734aea4f4111535a3c3",
        "target_id": "f2b11d801443ff8973cff3bd52363b1c",
        "strength": 9
      },
      {
        "source_id": "3a7e3a760b44109fa88180c9ac8fefe6",
        "target_id": "f2b11d801443ff8973cff3bd52363b1c",
        "strength": 1
      },
      {
        "source_id": "e91774fff3aa5024b5d586d3ecbb68da",
        "target_id": "f2b11d801443ff8973cff3bd52363b1c",
        "strength": 1
      },
      {
        "source_id": "8cd10e095cebe2528eb17128ce8a748a",
        "target_id": "f2b11d801443ff8973cff3bd52363b1c",
        "strength": 1
      },
      {
        "source_id": "f2b11d801443ff8973cff3bd52363b1c",
        "target_id": "09f305f13add22173d5a59b8a68491d9",
        "strength": 6
      },
      {
        "source_id": "402fee4e661682c9d9fda2b8c5ac1c4d",
        "target_id": "d5129b230863eed443be1c4b30807580",
        "strength": 1
      },
      {
        "source_id": "1f8c94eb7391f5c845553fdf69ec9c8a",
        "target_id": "09f305f13add22173d5a59b8a68491d9",
        "strength": 6
      },
      {
        "source_id": "5a1ca3c229b1a3b82d2eb259dedb24b4",
        "target_id": "1109e30ea19e916d707c64a47f8a8bbc",
        "strength": 2
      },
      {
        "source_id": "375f3e7a02951581b72eb10ec4d71110",
        "target_id": "1109e30ea19e916d707c64a47f8a8bbc",
        "strength": 1
      },
      {
        "source_id": "29d0b16e408b4397bed1ceca55207658",
        "target_id": "1109e30ea19e916d707c64a47f8a8bbc",
        "strength": 1
      },
      {
        "source_id": "69146403e7c404bb3e068d58c835dd5c",
        "target_id": "1109e30ea19e916d707c64a47f8a8bbc",
        "strength": 2
      },
      {
        "source_id": "e91774fff3aa5024b5d586d3ecbb68da",
        "target_id": "1109e30ea19e916d707c64a47f8a8bbc",
        "strength": 1
      },
      {
        "source_id": "7a6d58a9bfa4b22f4b0082befe64ae03",
        "target_id": "1109e30ea19e916d707c64a47f8a8bbc",
        "strength": 1
      },
      {
        "source_id": "505e977050a67ac27f482fc30976e961",
        "target_id": "1109e30ea19e916d707c64a47f8a8bbc",
        "strength": 2
      },
      {
        "source_id": "1109e30ea19e916d707c64a47f8a8bbc",
        "target_id": "0495cfc56fb7135018060dd22873e78e",
        "strength": 1
      },
      {
        "source_id": "1109e30ea19e916d707c64a47f8a8bbc",
        "target_id": "373ada420f12d2a6f5fa5f2f902a3ae2",
        "strength": 6
      },
      {
        "source_id": "1109e30ea19e916d707c64a47f8a8bbc",
        "target_id": "0707611225428270cdbfd6f2c7c7c482",
        "strength": 4
      },
      {
        "source_id": "1109e30ea19e916d707c64a47f8a8bbc",
        "target_id": "672e6dea945b8f35d124b1fc9e4d236f",
        "strength": 1
      },
      {
        "source_id": "f0d1f594ff6e41042c9c8fc09998d092",
        "target_id": "0495cfc56fb7135018060dd22873e78e",
        "strength": 4
      },
      {
        "source_id": "d273c35108d182803ce8cb32d0cca7ed",
        "target_id": "0495cfc56fb7135018060dd22873e78e",
        "strength": 3
      },
      {
        "source_id": "bb0d6fa033276821215a89631ca9bbec",
        "target_id": "0495cfc56fb7135018060dd22873e78e",
        "strength": 2
      },
      {
        "source_id": "402fee4e661682c9d9fda2b8c5ac1c4d",
        "target_id": "0495cfc56fb7135018060dd22873e78e",
        "strength": 3
      },
      {
        "source_id": "505e977050a67ac27f482fc30976e961",
        "target_id": "0495cfc56fb7135018060dd22873e78e",
        "strength": 5
      },
      {
        "source_id": "0495cfc56fb7135018060dd22873e78e",
        "target_id": "0707611225428270cdbfd6f2c7c7c482",
        "strength": 2
      },
      {
        "source_id": "0495cfc56fb7135018060dd22873e78e",
        "target_id": "672e6dea945b8f35d124b1fc9e4d236f",
        "strength": 1
      },
      {
        "source_id": "0495cfc56fb7135018060dd22873e78e",
        "target_id": "46d6d9c79edd7a746d9aacc19fa17a57",
        "strength": 1
      },
      {
        "source_id": "d46e9cea842a54494dbfb0d687afac28",
        "target_id": "373ada420f12d2a6f5fa5f2f902a3ae2",
        "strength": 4
      },
      {
        "source_id": "d273c35108d182803ce8cb32d0cca7ed",
        "target_id": "373ada420f12d2a6f5fa5f2f902a3ae2",
        "strength": 2
      },
      {
        "source_id": "e91774fff3aa5024b5d586d3ecbb68da",
        "target_id": "373ada420f12d2a6f5fa5f2f902a3ae2",
        "strength": 1
      },
      {
        "source_id": "3f060e6b19ed168f30ebe8a92a198ff8",
        "target_id": "373ada420f12d2a6f5fa5f2f902a3ae2",
        "strength": 9
      },
      {
        "source_id": "402fee4e661682c9d9fda2b8c5ac1c4d",
        "target_id": "373ada420f12d2a6f5fa5f2f902a3ae2",
        "strength": 1
      },
      {
        "source_id": "505e977050a67ac27f482fc30976e961",
        "target_id": "373ada420f12d2a6f5fa5f2f902a3ae2",
        "strength": 2
      },
      {
        "source_id": "373ada420f12d2a6f5fa5f2f902a3ae2",
        "target_id": "0707611225428270cdbfd6f2c7c7c482",
        "strength": 1
      },
      {
        "source_id": "373ada420f12d2a6f5fa5f2f902a3ae2",
        "target_id": "46d6d9c79edd7a746d9aacc19fa17a57",
        "strength": 2
      },
      {
        "source_id": "f0d1f594ff6e41042c9c8fc09998d092",
        "target_id": "ed3e3a25d73e915cfc289805a40d4a09",
        "strength": 3
      },
      {
        "source_id": "84804e02cbb0c55774e5df001cb5ed04",
        "target_id": "ed3e3a25d73e915cfc289805a40d4a09",
        "strength": 5
      },
      {
        "source_id": "402fee4e661682c9d9fda2b8c5ac1c4d",
        "target_id": "ed3e3a25d73e915cfc289805a40d4a09",
        "strength": 5
      },
      {
        "source_id": "ed3e3a25d73e915cfc289805a40d4a09",
        "target_id": "0707611225428270cdbfd6f2c7c7c482",
        "strength": 2
      },
      {
        "source_id": "ed3e3a25d73e915cfc289805a40d4a09",
        "target_id": "672e6dea945b8f35d124b1fc9e4d236f",
        "strength": 1
      },
      {
        "source_id": "5a1ca3c229b1a3b82d2eb259dedb24b4",
        "target_id": "6207968fe41fcc3e3a92899f65f05c3c",
        "strength": 4
      },
      {
        "source_id": "4051840902f5732938b47976783c04c8",
        "target_id": "6207968fe41fcc3e3a92899f65f05c3c",
        "strength": 3
      },
      {
        "source_id": "e91774fff3aa5024b5d586d3ecbb68da",
        "target_id": "6207968fe41fcc3e3a92899f65f05c3c",
        "strength": 1
      },
      {
        "source_id": "1109e30ea19e916d707c64a47f8a8bbc",
        "target_id": "6207968fe41fcc3e3a92899f65f05c3c",
        "strength": 5
      },
      {
        "source_id": "373ada420f12d2a6f5fa5f2f902a3ae2",
        "target_id": "6207968fe41fcc3e3a92899f65f05c3c",
        "strength": 1
      },
      {
        "source_id": "6207968fe41fcc3e3a92899f65f05c3c",
        "target_id": "0707611225428270cdbfd6f2c7c7c482",
        "strength": 1
      },
      {
        "source_id": "5a1ca3c229b1a3b82d2eb259dedb24b4",
        "target_id": "0acea8f66868fcfdb7f7c3257dbfcd5e",
        "strength": 15
      },
      {
        "source_id": "8468756346ae7eb5adecc95b1b3d166e",
        "target_id": "0acea8f66868fcfdb7f7c3257dbfcd5e",
        "strength": 14
      },
      {
        "source_id": "402fee4e661682c9d9fda2b8c5ac1c4d",
        "target_id": "0acea8f66868fcfdb7f7c3257dbfcd5e",
        "strength": 1
      },
      {
        "source_id": "f0d1f594ff6e41042c9c8fc09998d092",
        "target_id": "672e6dea945b8f35d124b1fc9e4d236f",
        "strength": 1
      },
      {
        "source_id": "18d8c5ee050f8cf3614965f2ca256787",
        "target_id": "58e449e6c14acafad90f8380249a9144",
        "strength": 2
      },
      {
        "source_id": "aa6243e73e1039d0edc456259d2701bd",
        "target_id": "58e449e6c14acafad90f8380249a9144",
        "strength": 12
      },
      {
        "source_id": "69146403e7c404bb3e068d58c835dd5c",
        "target_id": "58e449e6c14acafad90f8380249a9144",
        "strength": 6
      },
      {
        "source_id": "d273c35108d182803ce8cb32d0cca7ed",
        "target_id": "58e449e6c14acafad90f8380249a9144",
        "strength": 2
      },
      {
        "source_id": "c075b6daffece5a523302b7aadf7c5ca",
        "target_id": "58e449e6c14acafad90f8380249a9144",
        "strength": 1
      },
      {
        "source_id": "4051840902f5732938b47976783c04c8",
        "target_id": "58e449e6c14acafad90f8380249a9144",
        "strength": 1
      },
      {
        "source_id": "e91774fff3aa5024b5d586d3ecbb68da",
        "target_id": "58e449e6c14acafad90f8380249a9144",
        "strength": 2
      },
      {
        "source_id": "402fee4e661682c9d9fda2b8c5ac1c4d",
        "target_id": "58e449e6c14acafad90f8380249a9144",
        "strength": 4
      },
      {
        "source_id": "0acea8f66868fcfdb7f7c3257dbfcd5e",
        "target_id": "58e449e6c14acafad90f8380249a9144",
        "strength": 2
      },
      {
        "source_id": "0707611225428270cdbfd6f2c7c7c482",
        "target_id": "58e449e6c14acafad90f8380249a9144",
        "strength": 1
      },
      {
        "source_id": "58e449e6c14acafad90f8380249a9144",
        "target_id": "811c5581de1a75af8c3060c3f84d07f9",
        "strength": 19
      },
      {
        "source_id": "55731ca7937b0734aea4f4111535a3c3",
        "target_id": "65834753cc3ecd9d12388d969dcef547",
        "strength": 1
      },
      {
        "source_id": "375f3e7a02951581b72eb10ec4d71110",
        "target_id": "65834753cc3ecd9d12388d969dcef547",
        "strength": 13
      },
      {
        "source_id": "29d0b16e408b4397bed1ceca55207658",
        "target_id": "65834753cc3ecd9d12388d969dcef547",
        "strength": 16
      },
      {
        "source_id": "c075b6daffece5a523302b7aadf7c5ca",
        "target_id": "65834753cc3ecd9d12388d969dcef547",
        "strength": 1
      },
      {
        "source_id": "e91774fff3aa5024b5d586d3ecbb68da",
        "target_id": "65834753cc3ecd9d12388d969dcef547",
        "strength": 4
      },
      {
        "source_id": "7a6d58a9bfa4b22f4b0082befe64ae03",
        "target_id": "65834753cc3ecd9d12388d969dcef547",
        "strength": 9
      },
      {
        "source_id": "1109e30ea19e916d707c64a47f8a8bbc",
        "target_id": "65834753cc3ecd9d12388d969dcef547",
        "strength": 1
      },
      {
        "source_id": "aa6243e73e1039d0edc456259d2701bd",
        "target_id": "811c5581de1a75af8c3060c3f84d07f9",
        "strength": 1
      },
      {
        "source_id": "f0d1f594ff6e41042c9c8fc09998d092",
        "target_id": "46d6d9c79edd7a746d9aacc19fa17a57",
        "strength": 1
      },
      {
        "source_id": "84804e02cbb0c55774e5df001cb5ed04",
        "target_id": "46d6d9c79edd7a746d9aacc19fa17a57",
        "strength": 10
      },
      {
        "source_id": "402fee4e661682c9d9fda2b8c5ac1c4d",
        "target_id": "46d6d9c79edd7a746d9aacc19fa17a57",
        "strength": 60
      },
      {
        "source_id": "d5129b230863eed443be1c4b30807580",
        "target_id": "46d6d9c79edd7a746d9aacc19fa17a57",
        "strength": 1
      },
      {
        "source_id": "ed3e3a25d73e915cfc289805a40d4a09",
        "target_id": "46d6d9c79edd7a746d9aacc19fa17a57",
        "strength": 2
      },
      {
        "source_id": "0707611225428270cdbfd6f2c7c7c482",
        "target_id": "46d6d9c79edd7a746d9aacc19fa17a57",
        "strength": 6
      },
      {
        "source_id": "aa6243e73e1039d0edc456259d2701bd",
        "target_id": "c4ae802b35403bae1ea6a73d90756d7c",
        "strength": 1
      },
      {
        "source_id": "d46e9cea842a54494dbfb0d687afac28",
        "target_id": "c4ae802b35403bae1ea6a73d90756d7c",
        "strength": 3
      },
      {
        "source_id": "84804e02cbb0c55774e5df001cb5ed04",
        "target_id": "c4ae802b35403bae1ea6a73d90756d7c",
        "strength": 2
      },
      {
        "source_id": "3f060e6b19ed168f30ebe8a92a198ff8",
        "target_id": "c4ae802b35403bae1ea6a73d90756d7c",
        "strength": 1
      },
      {
        "source_id": "8cd10e095cebe2528eb17128ce8a748a",
        "target_id": "c4ae802b35403bae1ea6a73d90756d7c",
        "strength": 1
      },
      {
        "source_id": "ed3e3a25d73e915cfc289805a40d4a09",
        "target_id": "c4ae802b35403bae1ea6a73d90756d7c",
        "strength": 8
      },
      {
        "source_id": "0707611225428270cdbfd6f2c7c7c482",
        "target_id": "c4ae802b35403bae1ea6a73d90756d7c",
        "strength": 2
      },
      {
        "source_id": "84804e02cbb0c55774e5df001cb5ed04",
        "target_id": "91f6e1205c05bc01263d982d7d800e42",
        "strength": 3
      }
    ]
  },
  "config": {
    "terminology": {
      "cluster": "Grupo",
      "clusters": "Grupos",
      "item": "Pesquisador",
      "items": "Pesquisadores",
      "link": "Conexão",
      "links": "Conexões",
      "link_strength": "Força da Conexão",
      "total_link_strength": "Força Total da Conexão"
    }
  }
}
