{ "label": "Network", "nodes": [   {  "id": "0271842903270328",   "label": "1", "properties": { "name": "Marina de Moraes Mourão"} }, {  "id": "0492208637289837",   "label": "2", "properties": { "name": "Edelberto Santos Dias"} }, {  "id": "0553918889655570",   "label": "3", "properties": { "name": "Cristiana Ferreira Alves de Brito"} }, {  "id": "0641258278314799",   "label": "4", "properties": { "name": "Nagila Francinete Costa Secundino"} }, {  "id": "1125391664500711",   "label": "5", "properties": { "name": "Cristiana Couto Garcia"} }, {  "id": "1409006491220426",   "label": "6", "properties": { "name": "Marco Antônio da Silva Campos"} }, {  "id": "1476232727069800",   "label": "7", "properties": { "name": "Erika Michalsky Monteiro"} }, {  "id": "1722996582628218",   "label": "8", "properties": { "name": "Carina Margonari de Souza"} }, {  "id": "1735242943698067",   "label": "9", "properties": { "name": "Roberta Lima Caldeira"} }, {  "id": "2290676372091813",   "label": "10", "properties": { "name": "Soraya Torres Gaze Jangola"} }, {  "id": "2427045424896409",   "label": "11", "properties": { "name": "Jaquelline Germano de Oliveira"} }, {  "id": "2430268236881898",   "label": "12", "properties": { "name": "Marcelo Antonio Pascoal Xavier"} }, {  "id": "2529945687863385",   "label": "13", "properties": { "name": "Marcelo Gustavo Lorenzo"} }, {  "id": "2586445059585013",   "label": "14", "properties": { "name": "Rita de Cássia Moreira de Souza"} }, {  "id": "2621628661003591",   "label": "15", "properties": { "name": "Álvaro Gil Araújo Ferreira"} }, {  "id": "2634004612117298",   "label": "16", "properties": { "name": "Márcio Sobreira Silva Araújo"} }, {  "id": "2817016666672297",   "label": "17", "properties": { "name": "Rubens Lima do Monte Neto"} }, {  "id": "3118219944250108",   "label": "18", "properties": { "name": "Roney Santos Coimbra"} }, {  "id": "3508138338414003",   "label": "19", "properties": { "name": "Paloma Helena Fernandes Shimabukuro"} }, {  "id": "3544791535477213",   "label": "20", "properties": { "name": "Daniel Moreira de Avelar"} }, {  "id": "3798623797837575",   "label": "21", "properties": { "name": "Andréa Teixeira de Carvalho"} }, {  "id": "4533303011981452",   "label": "22", "properties": { "name": "Edward José de Oliveira"} }, {  "id": "4592140991723664",   "label": "23", "properties": { "name": "Paulo Filemon Paolucci Pimenta"} }, {  "id": "4929168581709218",   "label": "24", "properties": { "name": "Lis Ribeiro do Valle Antonelli"} }, {  "id": "5305938120287353",   "label": "25", "properties": { "name": "Luzia Helena Carvalho"} }, {  "id": "5508945613911003",   "label": "26", "properties": { "name": "Rafaella Fortini Grenfell e Queiroz"} }, {  "id": "5557656124686682",   "label": "27", "properties": { "name": "Rodrigo Pedro Pinto Soares"} }, {  "id": "5565463591721568",   "label": "28", "properties": { "name": "Alessandra Aparecida Guarneri"} }, {  "id": "5633763429024541",   "label": "29", "properties": { "name": "Tânia Maria de Almeida Alves"} }, {  "id": "5804297852066640",   "label": "30", "properties": { "name": "Alexandre de Magalhaes Vieira Machado"} }, {  "id": "5832739049925970",   "label": "31", "properties": { "name": "Luciano Andrade Moreira"} }, {  "id": "6108351267696165",   "label": "32", "properties": { "name": "Taís Nóbrega de Sousa"} }, {  "id": "6260226537155026",   "label": "33", "properties": { "name": "Olindo Assis Martins Filho"} }, {  "id": "6405912413079760",   "label": "34", "properties": { "name": "Rosiane Aparecida da Silva Pereira"} }, {  "id": "6831626214829585",   "label": "35", "properties": { "name": "Paulo Marcos Zech Coelho"} }, {  "id": "6935282825820547",   "label": "36", "properties": { "name": "Pedro Augusto Alves"} }, {  "id": "7004385035447880",   "label": "37", "properties": { "name": "Celia Maria Ferreira Gontijo"} }, {  "id": "7374065738760207",   "label": "38", "properties": { "name": "José Dilermando Andrade Filho"} }, {  "id": "7428560072021675",   "label": "39", "properties": { "name": "Luiz Carlos Júnior Alcantara"} }, {  "id": "7529793133786376",   "label": "40", "properties": { "name": "Gustavo Fontes Paz"} }, {  "id": "7769547194874833",   "label": "41", "properties": { "name": "Jeronimo Conceição Ruiz"} }, {  "id": "7920312439713999",   "label": "42", "properties": { "name": "Cristina Toscano Fonseca"} }, {  "id": "8285043752158198",   "label": "43", "properties": { "name": "Silvane Maria Fonseca Murta"} }, {  "id": "8454953908544325",   "label": "44", "properties": { "name": "Carlos Eduardo Calzavara Silva"} }, {  "id": "8688961957105096",   "label": "45", "properties": { "name": "Flora Satiko Kano"} }, {  "id": "8712666530716107",   "label": "46", "properties": { "name": "Rodrigo Correa de Oliveira"} }, {  "id": "8989178759075946",   "label": "47", "properties": { "name": "Gabriel da Rocha Fernandes"} }, {  "id": "9148354106985023",   "label": "48", "properties": { "name": "Ricardo Tostes Gazzinelli"} }, {  "id": "9211345386050612",   "label": "49", "properties": { "name": "Lileia Gonçalves Diotaiuti"} }, {  "id": "9405337414047265",   "label": "50", "properties": { "name": "Caroline Furtado Junqueira"} }, {  "id": "9698329171140813",   "label": "51", "properties": { "name": "Vanessa Peruhype Magalhães Pascoal"} }, {  "id": "9853093673691832",   "label": "52", "properties": { "name": "Érica Alessandra Rocha Alves"} }, {  "id": "9894162318774616",   "label": "53", "properties": { "name": "Glaucia Fernandes Cota"} } ], "links": [  { "source": "0271842903270328",   "target": "1735242943698067", "weigth": "2" }, { "source": "0271842903270328",   "target": "2634004612117298", "weigth": "1" }, { "source": "0271842903270328",   "target": "3798623797837575", "weigth": "1" }, { "source": "0271842903270328",   "target": "4929168581709218", "weigth": "1" }, { "source": "0271842903270328",   "target": "5804297852066640", "weigth": "1" }, { "source": "0271842903270328",   "target": "6260226537155026", "weigth": "1" }, { "source": "0271842903270328",   "target": "6405912413079760", "weigth": "4" }, { "source": "0271842903270328",   "target": "7920312439713999", "weigth": "1" }, { "source": "0271842903270328",   "target": "8454953908544325", "weigth": "2" }, { "source": "0271842903270328",   "target": "9698329171140813", "weigth": "1" }, { "source": "0492208637289837",   "target": "1476232727069800", "weigth": "11" }, { "source": "0492208637289837",   "target": "3544791535477213", "weigth": "2" }, { "source": "0553918889655570",   "target": "5305938120287353", "weigth": "7" }, { "source": "0553918889655570",   "target": "6108351267696165", "weigth": "8" }, { "source": "0553918889655570",   "target": "7004385035447880", "weigth": "1" }, { "source": "0553918889655570",   "target": "7769547194874833", "weigth": "1" }, { "source": "0553918889655570",   "target": "8688961957105096", "weigth": "4" }, { "source": "0641258278314799",   "target": "4592140991723664", "weigth": "17" }, { "source": "0641258278314799",   "target": "5557656124686682", "weigth": "1" }, { "source": "1125391664500711",   "target": "5804297852066640", "weigth": "3" }, { "source": "1409006491220426",   "target": "4929168581709218", "weigth": "1" }, { "source": "1409006491220426",   "target": "5557656124686682", "weigth": "1" }, { "source": "1409006491220426",   "target": "5804297852066640", "weigth": "2" }, { "source": "1409006491220426",   "target": "6935282825820547", "weigth": "2" }, { "source": "1409006491220426",   "target": "9853093673691832", "weigth": "1" }, { "source": "1476232727069800",   "target": "3544791535477213", "weigth": "2" }, { "source": "1722996582628218",   "target": "7004385035447880", "weigth": "1" }, { "source": "1722996582628218",   "target": "7374065738760207", "weigth": "2" }, { "source": "1735242943698067",   "target": "3508138338414003", "weigth": "1" }, { "source": "1735242943698067",   "target": "5557656124686682", "weigth": "1" }, { "source": "1735242943698067",   "target": "6831626214829585", "weigth": "3" }, { "source": "1735242943698067",   "target": "7374065738760207", "weigth": "1" }, { "source": "2290676372091813",   "target": "2427045424896409", "weigth": "2" }, { "source": "2290676372091813",   "target": "2430268236881898", "weigth": "1" }, { "source": "2290676372091813",   "target": "8454953908544325", "weigth": "2" }, { "source": "2290676372091813",   "target": "9853093673691832", "weigth": "2" }, { "source": "2427045424896409",   "target": "2430268236881898", "weigth": "1" }, { "source": "2427045424896409",   "target": "3798623797837575", "weigth": "1" }, { "source": "2427045424896409",   "target": "5633763429024541", "weigth": "3" }, { "source": "2427045424896409",   "target": "6260226537155026", "weigth": "1" }, { "source": "2427045424896409",   "target": "6935282825820547", "weigth": "1" }, { "source": "2427045424896409",   "target": "8285043752158198", "weigth": "3" }, { "source": "2427045424896409",   "target": "8454953908544325", "weigth": "3" }, { "source": "2427045424896409",   "target": "9853093673691832", "weigth": "3" }, { "source": "2430268236881898",   "target": "3798623797837575", "weigth": "7" }, { "source": "2430268236881898",   "target": "4533303011981452", "weigth": "3" }, { "source": "2430268236881898",   "target": "5804297852066640", "weigth": "1" }, { "source": "2430268236881898",   "target": "6260226537155026", "weigth": "8" }, { "source": "2430268236881898",   "target": "6935282825820547", "weigth": "1" }, { "source": "2430268236881898",   "target": "7004385035447880", "weigth": "2" }, { "source": "2430268236881898",   "target": "8454953908544325", "weigth": "3" }, { "source": "2430268236881898",   "target": "9698329171140813", "weigth": "4" }, { "source": "2430268236881898",   "target": "9853093673691832", "weigth": "2" }, { "source": "2529945687863385",   "target": "5565463591721568", "weigth": "3" }, { "source": "2529945687863385",   "target": "5832739049925970", "weigth": "1" }, { "source": "2529945687863385",   "target": "7769547194874833", "weigth": "1" }, { "source": "2586445059585013",   "target": "7769547194874833", "weigth": "1" }, { "source": "2586445059585013",   "target": "9211345386050612", "weigth": "7" }, { "source": "2621628661003591",   "target": "5832739049925970", "weigth": "3" }, { "source": "2634004612117298",   "target": "3118219944250108", "weigth": "1" }, { "source": "2634004612117298",   "target": "3798623797837575", "weigth": "5" }, { "source": "2634004612117298",   "target": "4929168581709218", "weigth": "2" }, { "source": "2634004612117298",   "target": "5804297852066640", "weigth": "1" }, { "source": "2634004612117298",   "target": "6260226537155026", "weigth": "13" }, { "source": "2634004612117298",   "target": "7920312439713999", "weigth": "1" }, { "source": "2634004612117298",   "target": "9698329171140813", "weigth": "3" }, { "source": "2817016666672297",   "target": "3798623797837575", "weigth": "1" }, { "source": "2817016666672297",   "target": "5557656124686682", "weigth": "1" }, { "source": "2817016666672297",   "target": "6935282825820547", "weigth": "2" }, { "source": "2817016666672297",   "target": "7004385035447880", "weigth": "1" }, { "source": "2817016666672297",   "target": "8285043752158198", "weigth": "1" }, { "source": "3118219944250108",   "target": "3798623797837575", "weigth": "1" }, { "source": "3118219944250108",   "target": "6260226537155026", "weigth": "1" }, { "source": "3118219944250108",   "target": "6831626214829585", "weigth": "1" }, { "source": "3118219944250108",   "target": "9148354106985023", "weigth": "1" }, { "source": "3508138338414003",   "target": "7004385035447880", "weigth": "1" }, { "source": "3508138338414003",   "target": "7374065738760207", "weigth": "2" }, { "source": "3508138338414003",   "target": "7529793133786376", "weigth": "1" }, { "source": "3544791535477213",   "target": "4533303011981452", "weigth": "2" }, { "source": "3544791535477213",   "target": "9148354106985023", "weigth": "1" }, { "source": "3544791535477213",   "target": "9894162318774616", "weigth": "4" }, { "source": "3798623797837575",   "target": "4533303011981452", "weigth": "1" }, { "source": "3798623797837575",   "target": "4929168581709218", "weigth": "15" }, { "source": "3798623797837575",   "target": "5565463591721568", "weigth": "1" }, { "source": "3798623797837575",   "target": "5804297852066640", "weigth": "1" }, { "source": "3798623797837575",   "target": "6260226537155026", "weigth": "55" }, { "source": "3798623797837575",   "target": "6831626214829585", "weigth": "1" }, { "source": "3798623797837575",   "target": "6935282825820547", "weigth": "2" }, { "source": "3798623797837575",   "target": "7004385035447880", "weigth": "3" }, { "source": "3798623797837575",   "target": "7769547194874833", "weigth": "2" }, { "source": "3798623797837575",   "target": "7920312439713999", "weigth": "3" }, { "source": "3798623797837575",   "target": "8285043752158198", "weigth": "2" }, { "source": "3798623797837575",   "target": "8454953908544325", "weigth": "2" }, { "source": "3798623797837575",   "target": "8712666530716107", "weigth": "6" }, { "source": "3798623797837575",   "target": "9148354106985023", "weigth": "4" }, { "source": "3798623797837575",   "target": "9405337414047265", "weigth": "2" }, { "source": "3798623797837575",   "target": "9698329171140813", "weigth": "17" }, { "source": "4533303011981452",   "target": "6260226537155026", "weigth": "2" }, { "source": "4533303011981452",   "target": "6405912413079760", "weigth": "1" }, { "source": "4533303011981452",   "target": "6831626214829585", "weigth": "4" }, { "source": "4533303011981452",   "target": "8285043752158198", "weigth": "2" }, { "source": "4533303011981452",   "target": "9148354106985023", "weigth": "1" }, { "source": "4533303011981452",   "target": "9698329171140813", "weigth": "2" }, { "source": "4533303011981452",   "target": "9894162318774616", "weigth": "1" }, { "source": "4592140991723664",   "target": "8454953908544325", "weigth": "1" }, { "source": "4929168581709218",   "target": "5804297852066640", "weigth": "2" }, { "source": "4929168581709218",   "target": "6260226537155026", "weigth": "14" }, { "source": "4929168581709218",   "target": "7920312439713999", "weigth": "2" }, { "source": "4929168581709218",   "target": "8688961957105096", "weigth": "1" }, { "source": "4929168581709218",   "target": "8712666530716107", "weigth": "1" }, { "source": "4929168581709218",   "target": "9148354106985023", "weigth": "8" }, { "source": "4929168581709218",   "target": "9405337414047265", "weigth": "2" }, { "source": "4929168581709218",   "target": "9698329171140813", "weigth": "4" }, { "source": "5305938120287353",   "target": "6108351267696165", "weigth": "7" }, { "source": "5305938120287353",   "target": "8688961957105096", "weigth": "7" }, { "source": "5508945613911003",   "target": "6831626214829585", "weigth": "4" }, { "source": "5557656124686682",   "target": "5565463591721568", "weigth": "1" }, { "source": "5557656124686682",   "target": "7004385035447880", "weigth": "4" }, { "source": "5565463591721568",   "target": "7769547194874833", "weigth": "1" }, { "source": "5633763429024541",   "target": "8285043752158198", "weigth": "5" }, { "source": "5804297852066640",   "target": "6260226537155026", "weigth": "1" }, { "source": "5804297852066640",   "target": "6935282825820547", "weigth": "1" }, { "source": "5804297852066640",   "target": "9148354106985023", "weigth": "2" }, { "source": "5804297852066640",   "target": "9698329171140813", "weigth": "1" }, { "source": "5804297852066640",   "target": "9853093673691832", "weigth": "1" }, { "source": "5832739049925970",   "target": "7374065738760207", "weigth": "1" }, { "source": "5832739049925970",   "target": "7428560072021675", "weigth": "1" }, { "source": "6108351267696165",   "target": "8688961957105096", "weigth": "4" }, { "source": "6260226537155026",   "target": "6935282825820547", "weigth": "2" }, { "source": "6260226537155026",   "target": "7004385035447880", "weigth": "2" }, { "source": "6260226537155026",   "target": "7920312439713999", "weigth": "2" }, { "source": "6260226537155026",   "target": "8285043752158198", "weigth": "1" }, { "source": "6260226537155026",   "target": "8454953908544325", "weigth": "2" }, { "source": "6260226537155026",   "target": "8688961957105096", "weigth": "1" }, { "source": "6260226537155026",   "target": "8712666530716107", "weigth": "3" }, { "source": "6260226537155026",   "target": "9148354106985023", "weigth": "2" }, { "source": "6260226537155026",   "target": "9698329171140813", "weigth": "17" }, { "source": "6405912413079760",   "target": "7920312439713999", "weigth": "2" }, { "source": "6405912413079760",   "target": "8285043752158198", "weigth": "1" }, { "source": "6831626214829585",   "target": "7769547194874833", "weigth": "1" }, { "source": "6831626214829585",   "target": "7920312439713999", "weigth": "1" }, { "source": "6935282825820547",   "target": "8454953908544325", "weigth": "2" }, { "source": "6935282825820547",   "target": "9853093673691832", "weigth": "1" }, { "source": "7004385035447880",   "target": "7374065738760207", "weigth": "4" }, { "source": "7004385035447880",   "target": "7529793133786376", "weigth": "8" }, { "source": "7004385035447880",   "target": "9698329171140813", "weigth": "2" }, { "source": "7374065738760207",   "target": "7529793133786376", "weigth": "5" }, { "source": "7769547194874833",   "target": "7920312439713999", "weigth": "1" }, { "source": "7769547194874833",   "target": "8285043752158198", "weigth": "2" }, { "source": "7769547194874833",   "target": "8712666530716107", "weigth": "3" }, { "source": "7769547194874833",   "target": "8989178759075946", "weigth": "1" }, { "source": "7769547194874833",   "target": "9211345386050612", "weigth": "1" }, { "source": "7920312439713999",   "target": "9698329171140813", "weigth": "1" }, { "source": "8285043752158198",   "target": "8712666530716107", "weigth": "1" }, { "source": "8285043752158198",   "target": "9698329171140813", "weigth": "1" }, { "source": "8454953908544325",   "target": "9853093673691832", "weigth": "4" }, { "source": "8688961957105096",   "target": "9148354106985023", "weigth": "1" }, { "source": "8712666530716107",   "target": "9698329171140813", "weigth": "1" }, { "source": "9148354106985023",   "target": "9405337414047265", "weigth": "8" } ] }
