{
  "network": {
    "items": [
      {
        "id": "f0d1f594ff6e41042c9c8fc09998d092",
        "label": "Marina de Moraes Mourão",
        "description": "Marina de Moraes Mourão",
        "url": "http://elattes.fiocruz.br.br/analysis/profile/id/642/member/0271842903270328",
        "scores": {
          "Avg. pub. year": 2021.5714
        },
        "weights": {
          "Publications": 7,
          "Events": 0
        },
        "x": 0.7009,
        "y": -0.5795,
        "cluster": 4
      },
      {
        "id": "1f8c94eb7391f5c845553fdf69ec9c8a",
        "label": "Edelberto Santos Dias",
        "description": "Edelberto Santos Dias",
        "url": "http://elattes.fiocruz.br.br/analysis/profile/id/642/member/0492208637289837",
        "scores": {
          "Avg. pub. year": 2022
        },
        "weights": {
          "Publications": 1,
          "Events": 0
        },
        "x": 0.6556,
        "y": 7.1351,
        "cluster": 9
      },
      {
        "id": "5a1ca3c229b1a3b82d2eb259dedb24b4",
        "label": "Cristiana Ferreira Alves de Brito",
        "description": "Cristiana Ferreira Alves de Brito",
        "url": "http://elattes.fiocruz.br.br/analysis/profile/id/642/member/0553918889655570",
        "scores": {
          "Avg. pub. year": 2021.5
        },
        "weights": {
          "Publications": 6,
          "Events": 0
        },
        "x": -2.4408,
        "y": 1.7159,
        "cluster": 6
      },
      {
        "id": "72a73142104d8e56124360562f6159ff",
        "label": "Nagila Francinete Costa Secundino",
        "description": "Nagila Francinete Costa Secundino",
        "url": "http://elattes.fiocruz.br.br/analysis/profile/id/642/member/0641258278314799",
        "scores": {
          "Avg. pub. year": 2021.375
        },
        "weights": {
          "Publications": 8,
          "Events": 0
        },
        "x": -2.1511,
        "y": 5.6328,
        "cluster": 8
      },
      {
        "id": "18d8c5ee050f8cf3614965f2ca256787",
        "label": "Cristiana Couto Garcia",
        "description": "Cristiana Couto Garcia",
        "url": "http://elattes.fiocruz.br.br/analysis/profile/id/642/member/1125391664500711",
        "scores": {
          "Avg. pub. year": 2021.7
        },
        "weights": {
          "Publications": 10,
          "Events": 0
        },
        "x": 1.4513,
        "y": -0.5289,
        "cluster": 2
      },
      {
        "id": "aa6243e73e1039d0edc456259d2701bd",
        "label": "Marco Antônio da Silva Campos",
        "description": "Marco Antônio da Silva Campos",
        "url": "http://elattes.fiocruz.br.br/analysis/profile/id/642/member/1409006491220426",
        "scores": {
          "Avg. pub. year": 2021.25
        },
        "weights": {
          "Publications": 4,
          "Events": 3
        },
        "x": 6.0807,
        "y": 2.1661,
        "cluster": 5
      },
      {
        "id": "9c48b3390963017e96f37a401e721fa7",
        "label": "Erika Michalsky Monteiro",
        "description": "Erika Michalsky Monteiro",
        "url": "http://elattes.fiocruz.br.br/analysis/profile/id/642/member/1476232727069800",
        "scores": {
          "Avg. pub. year": 2022
        },
        "weights": {
          "Publications": 1,
          "Events": 1
        },
        "x": -0.2055,
        "y": 6.8333,
        "cluster": 9
      },
      {
        "id": "55731ca7937b0734aea4f4111535a3c3",
        "label": "Carina Margonari de Souza",
        "description": "Carina Margonari de Souza",
        "url": "http://elattes.fiocruz.br.br/analysis/profile/id/642/member/1722996582628218",
        "scores": {
          "Avg. pub. year": 2021.2
        },
        "weights": {
          "Publications": 5,
          "Events": 1
        },
        "x": 7.3705,
        "y": 1.041,
        "cluster": 3
      },
      {
        "id": "ec4de92b5f03f359463a3ff45251653a",
        "label": "Roberta Lima Caldeira",
        "description": "Roberta Lima Caldeira",
        "url": "http://elattes.fiocruz.br.br/analysis/profile/id/642/member/1735242943698067",
        "scores": {
          "Avg. pub. year": 2021.5
        },
        "weights": {
          "Publications": 6,
          "Events": 0
        },
        "x": 0.4795,
        "y": -2.4346,
        "cluster": 4
      },
      {
        "id": "545d74bda32509674c6eef99940cb0b8",
        "label": "Soraya Torres Gaze Jangola",
        "description": "Soraya Torres Gaze Jangola",
        "url": "http://elattes.fiocruz.br.br/analysis/profile/id/642/member/2290676372091813",
        "scores": {
          "Avg. pub. year": 2021.6667
        },
        "weights": {
          "Publications": 3,
          "Events": 0
        },
        "x": 2.9843,
        "y": 3.6802,
        "cluster": 5
      },
      {
        "id": "d46e9cea842a54494dbfb0d687afac28",
        "label": "Jaquelline Germano de Oliveira",
        "description": "Jaquelline Germano de Oliveira",
        "url": "http://elattes.fiocruz.br.br/analysis/profile/id/642/member/2427045424896409",
        "scores": {
          "Avg. pub. year": 2022
        },
        "weights": {
          "Publications": 3,
          "Events": 0
        },
        "x": 3.444,
        "y": 2.5694,
        "cluster": 5
      },
      {
        "id": "84804e02cbb0c55774e5df001cb5ed04",
        "label": "Marcelo Antonio Pascoal Xavier",
        "description": "Marcelo Antonio Pascoal Xavier",
        "url": "http://elattes.fiocruz.br.br/analysis/profile/id/642/member/2430268236881898",
        "scores": {
          "Avg. pub. year": 2021.3333
        },
        "weights": {
          "Publications": 9,
          "Events": 0
        },
        "x": 3.1407,
        "y": -0.8738,
        "cluster": 3
      },
      {
        "id": "375f3e7a02951581b72eb10ec4d71110",
        "label": "Marcelo Gustavo Lorenzo",
        "description": "Marcelo Gustavo Lorenzo",
        "url": "http://elattes.fiocruz.br.br/analysis/profile/id/642/member/2529945687863385",
        "scores": {
          "Avg. pub. year": 2021.2857
        },
        "weights": {
          "Publications": 7,
          "Events": 0
        },
        "x": 5.0356,
        "y": 4.2927,
        "cluster": 7
      },
      {
        "id": "29d0b16e408b4397bed1ceca55207658",
        "label": "Rita de Cássia Moreira de Souza",
        "description": "Rita de Cássia Moreira de Souza",
        "url": "http://elattes.fiocruz.br.br/analysis/profile/id/642/member/2586445059585013",
        "scores": {
          "Avg. pub. year": 2021.3
        },
        "weights": {
          "Publications": 10,
          "Events": 0
        },
        "x": 1.6507,
        "y": -4.4758,
        "cluster": 2
      },
      {
        "id": "10d9bc14412baddd64e23a1b0b609a32",
        "label": "Álvaro Gil Araújo Ferreira",
        "description": "Álvaro Gil Araújo Ferreira",
        "url": "http://elattes.fiocruz.br.br/analysis/profile/id/642/member/2621628661003591",
        "scores": {
          "Avg. pub. year": 2021.25
        },
        "weights": {
          "Publications": 4,
          "Events": 0
        },
        "x": 6.8243,
        "y": 5.6069,
        "cluster": 7
      },
      {
        "id": "3a7e3a760b44109fa88180c9ac8fefe6",
        "label": "Márcio Sobreira Silva Araújo",
        "description": "Márcio Sobreira Silva Araújo",
        "url": "http://elattes.fiocruz.br.br/analysis/profile/id/642/member/2634004612117298",
        "scores": {
          "Avg. pub. year": 2021.7
        },
        "weights": {
          "Publications": 10,
          "Events": 0
        },
        "x": 2.9032,
        "y": 0.2227,
        "cluster": 2
      },
      {
        "id": "6e94bdb3e477cb430e98291dda4ba1c7",
        "label": "Rubens Lima do Monte Neto",
        "description": "Rubens Lima do Monte Neto",
        "url": "http://elattes.fiocruz.br.br/analysis/profile/id/642/member/2817016666672297",
        "scores": {
          "Avg. pub. year": 2021.6667
        },
        "weights": {
          "Publications": 15,
          "Events": 11
        },
        "x": 2.8075,
        "y": 1.9501,
        "cluster": 2
      },
      {
        "id": "eb48d58d272d28cd9d1f5d354e77b9cf",
        "label": "Roney Santos Coimbra",
        "description": "Roney Santos Coimbra",
        "url": "http://elattes.fiocruz.br.br/analysis/profile/id/642/member/3118219944250108",
        "scores": {
          "Avg. pub. year": 2021.5
        },
        "weights": {
          "Publications": 4,
          "Events": 0
        },
        "x": 0.0977,
        "y": 2.5911,
        "cluster": 6
      },
      {
        "id": "0a76f3ac7a28b27d208bded7e0c516da",
        "label": "Paloma Helena Fernandes Shimabukuro",
        "description": "Paloma Helena Fernandes Shimabukuro",
        "url": "http://elattes.fiocruz.br.br/analysis/profile/id/642/member/3508138338414003",
        "scores": {
          "Avg. pub. year": 2021.75
        },
        "weights": {
          "Publications": 8,
          "Events": 0
        },
        "x": 7.3455,
        "y": -0.0632,
        "cluster": 3
      },
      {
        "id": "3097c0d8e94a6746ee4a40f75fc44fc4",
        "label": "Daniel Moreira de Avelar",
        "description": "Daniel Moreira de Avelar",
        "url": "http://elattes.fiocruz.br.br/analysis/profile/id/642/member/3544791535477213",
        "scores": {
          "Avg. pub. year": 2021.5
        },
        "weights": {
          "Publications": 6,
          "Events": 0
        },
        "x": 4.3019,
        "y": -1.4004,
        "cluster": 3
      },
      {
        "id": "69146403e7c404bb3e068d58c835dd5c",
        "label": "Andréa Teixeira de Carvalho",
        "description": "Andréa Teixeira de Carvalho",
        "url": "http://elattes.fiocruz.br.br/analysis/profile/id/642/member/3798623797837575",
        "scores": {
          "Avg. pub. year": 2021.6471
        },
        "weights": {
          "Publications": 34,
          "Events": 0
        },
        "x": 2.0959,
        "y": -0.1728,
        "cluster": 2
      },
      {
        "id": "d273c35108d182803ce8cb32d0cca7ed",
        "label": "Edward José de Oliveira",
        "description": "Edward José de Oliveira",
        "url": "http://elattes.fiocruz.br.br/analysis/profile/id/642/member/4533303011981452",
        "scores": {
          "Avg. pub. year": 2021.625
        },
        "weights": {
          "Publications": 8,
          "Events": 3
        },
        "x": 1.8737,
        "y": -1.5,
        "cluster": 4
      },
      {
        "id": "c075b6daffece5a523302b7aadf7c5ca",
        "label": "Paulo Filemon Paolucci Pimenta",
        "description": "Paulo Filemon Paolucci Pimenta",
        "url": "http://elattes.fiocruz.br.br/analysis/profile/id/642/member/4592140991723664",
        "scores": {
          "Avg. pub. year": 2021.4545
        },
        "weights": {
          "Publications": 11,
          "Events": 0
        },
        "x": -2.8308,
        "y": 4.9942,
        "cluster": 8
      },
      {
        "id": "4d17ef486e49164ef650576e6683a645",
        "label": "Lis Ribeiro do Valle Antonelli",
        "description": "Lis Ribeiro do Valle Antonelli",
        "url": "http://elattes.fiocruz.br.br/analysis/profile/id/642/member/4929168581709218",
        "scores": {
          "Avg. pub. year": 2021.3333
        },
        "weights": {
          "Publications": 12,
          "Events": 0
        },
        "x": 0.3739,
        "y": -0.1334,
        "cluster": 6
      },
      {
        "id": "4051840902f5732938b47976783c04c8",
        "label": "Luzia Helena Carvalho",
        "description": "Luzia Helena Carvalho",
        "url": "http://elattes.fiocruz.br.br/analysis/profile/id/642/member/5305938120287353",
        "scores": {
          "Avg. pub. year": 2021.375
        },
        "weights": {
          "Publications": 8,
          "Events": 0
        },
        "x": -0.967,
        "y": 1.4566,
        "cluster": 6
      },
      {
        "id": "bb0d6fa033276821215a89631ca9bbec",
        "label": "Rafaella Fortini Grenfell e Queiroz",
        "description": "Rafaella Fortini Grenfell e Queiroz",
        "url": "http://elattes.fiocruz.br.br/analysis/profile/id/642/member/5508945613911003",
        "scores": {
          "Avg. pub. year": 2021.7273
        },
        "weights": {
          "Publications": 11,
          "Events": 2
        },
        "x": 3.8004,
        "y": 0.1496,
        "cluster": 5
      },
      {
        "id": "e91774fff3aa5024b5d586d3ecbb68da",
        "label": "Rodrigo Pedro Pinto Soares",
        "description": "Rodrigo Pedro Pinto Soares",
        "url": "http://elattes.fiocruz.br.br/analysis/profile/id/642/member/5557656124686682",
        "scores": {
          "Avg. pub. year": 2021.2667
        },
        "weights": {
          "Publications": 15,
          "Events": 4
        },
        "x": 1.9308,
        "y": 2.2524,
        "cluster": 2
      },
      {
        "id": "7a6d58a9bfa4b22f4b0082befe64ae03",
        "label": "Alessandra Aparecida Guarneri",
        "description": "Alessandra Aparecida Guarneri",
        "url": "http://elattes.fiocruz.br.br/analysis/profile/id/642/member/5565463591721568",
        "scores": {
          "Avg. pub. year": 2021.5
        },
        "weights": {
          "Publications": 8,
          "Events": 0
        },
        "x": 3.6019,
        "y": 4.2645,
        "cluster": 7
      },
      {
        "id": "3f060e6b19ed168f30ebe8a92a198ff8",
        "label": "Tânia Maria de Almeida Alves",
        "description": "Tânia Maria de Almeida Alves",
        "url": "http://elattes.fiocruz.br.br/analysis/profile/id/642/member/5633763429024541",
        "scores": {
          "Avg. pub. year": 2021.6
        },
        "weights": {
          "Publications": 5,
          "Events": 1
        },
        "x": 2.413,
        "y": 3.9317,
        "cluster": 5
      },
      {
        "id": "feb05be989e75d13b42042b1f84cb35f",
        "label": "Alexandre de Magalhaes Vieira Machado",
        "description": "Alexandre de Magalhaes Vieira Machado",
        "url": "http://elattes.fiocruz.br.br/analysis/profile/id/642/member/5804297852066640",
        "scores": {
          "Avg. pub. year": 2021.3333
        },
        "weights": {
          "Publications": 3,
          "Events": 0
        },
        "x": -1.3913,
        "y": -0.3491,
        "cluster": 6
      },
      {
        "id": "60d05031a0fcb425802aa201569823b3",
        "label": "Luciano Andrade Moreira",
        "description": "Luciano Andrade Moreira",
        "url": "http://elattes.fiocruz.br.br/analysis/profile/id/642/member/5832739049925970",
        "scores": {
          "Avg. pub. year": 2021.3077
        },
        "weights": {
          "Publications": 13,
          "Events": 0
        },
        "x": 5.8908,
        "y": 5.4155,
        "cluster": 7
      },
      {
        "id": "8468756346ae7eb5adecc95b1b3d166e",
        "label": "Taís Nóbrega de Sousa",
        "description": "Taís Nóbrega de Sousa",
        "url": "http://elattes.fiocruz.br.br/analysis/profile/id/642/member/6108351267696165",
        "scores": {
          "Avg. pub. year": 2021.5
        },
        "weights": {
          "Publications": 8,
          "Events": 5
        },
        "x": -1.6144,
        "y": 2.3337,
        "cluster": 6
      },
      {
        "id": "402fee4e661682c9d9fda2b8c5ac1c4d",
        "label": "Olindo Assis Martins Filho",
        "description": "Olindo Assis Martins Filho",
        "url": "http://elattes.fiocruz.br.br/analysis/profile/id/642/member/6260226537155026",
        "scores": {
          "Avg. pub. year": 2021.4872
        },
        "weights": {
          "Publications": 39,
          "Events": 0
        },
        "x": 1.5978,
        "y": -0.0374,
        "cluster": 2
      },
      {
        "id": "f9fa245bef0ef57c3dce31b8b522d7ee",
        "label": "Rosiane Aparecida da Silva Pereira",
        "description": "Rosiane Aparecida da Silva Pereira",
        "url": "http://elattes.fiocruz.br.br/analysis/profile/id/642/member/6405912413079760",
        "scores": {
          "Avg. pub. year": 2022
        },
        "weights": {
          "Publications": 3,
          "Events": 1
        },
        "x": 0.8806,
        "y": -1.3631,
        "cluster": 4
      },
      {
        "id": "505e977050a67ac27f482fc30976e961",
        "label": "Paulo Marcos Zech Coelho",
        "description": "Paulo Marcos Zech Coelho",
        "url": "http://elattes.fiocruz.br.br/analysis/profile/id/642/member/6831626214829585",
        "scores": {
          "Avg. pub. year": 2021.3333
        },
        "weights": {
          "Publications": 3,
          "Events": 0
        },
        "x": -4.4237,
        "y": 2.034,
        "cluster": 1
      },
      {
        "id": "8cd10e095cebe2528eb17128ce8a748a",
        "label": "Pedro Augusto Alves",
        "description": "Pedro Augusto Alves",
        "url": "http://elattes.fiocruz.br.br/analysis/profile/id/642/member/6935282825820547",
        "scores": {
          "Avg. pub. year": 2021.7
        },
        "weights": {
          "Publications": 10,
          "Events": 0
        },
        "x": 4.2049,
        "y": 1.2302,
        "cluster": 5
      },
      {
        "id": "a4282da5d9f1c0ee34458b63b7782bec",
        "label": "Celia Maria Ferreira Gontijo",
        "description": "Celia Maria Ferreira Gontijo",
        "url": "http://elattes.fiocruz.br.br/analysis/profile/id/642/member/7004385035447880",
        "scores": {
          "Avg. pub. year": 2021.5556
        },
        "weights": {
          "Publications": 9,
          "Events": 0
        },
        "x": 5.864,
        "y": -1.7456,
        "cluster": 3
      },
      {
        "id": "f2b11d801443ff8973cff3bd52363b1c",
        "label": "José Dilermando Andrade Filho",
        "description": "José Dilermando Andrade Filho",
        "url": "http://elattes.fiocruz.br.br/analysis/profile/id/642/member/7374065738760207",
        "scores": {
          "Avg. pub. year": 2021.5385
        },
        "weights": {
          "Publications": 13,
          "Events": 0
        },
        "x": 5.6763,
        "y": 0.4727,
        "cluster": 3
      },
      {
        "id": "d5129b230863eed443be1c4b30807580",
        "label": "Luiz Carlos Júnior Alcantara",
        "description": "Luiz Carlos Júnior Alcantara",
        "url": "http://elattes.fiocruz.br.br/analysis/profile/id/642/member/7428560072021675",
        "scores": {
          "Avg. pub. year": 2021.5882
        },
        "weights": {
          "Publications": 51,
          "Events": 0
        },
        "x": 2.6683,
        "y": -1.1577,
        "cluster": 2
      },
      {
        "id": "09f305f13add22173d5a59b8a68491d9",
        "label": "Gustavo Fontes Paz",
        "description": "Gustavo Fontes Paz",
        "url": "http://elattes.fiocruz.br.br/analysis/profile/id/642/member/7529793133786376",
        "scores": {
          "Avg. pub. year": 2021.7143
        },
        "weights": {
          "Publications": 7,
          "Events": 0
        },
        "x": 5.0381,
        "y": -0.3722,
        "cluster": 3
      },
      {
        "id": "1109e30ea19e916d707c64a47f8a8bbc",
        "label": "Jeronimo Conceição Ruiz",
        "description": "Jeronimo Conceição Ruiz",
        "url": "http://elattes.fiocruz.br.br/analysis/profile/id/642/member/7769547194874833",
        "scores": {
          "Avg. pub. year": 2021.2
        },
        "weights": {
          "Publications": 5,
          "Events": 0
        },
        "x": 2.9289,
        "y": -4.3553,
        "cluster": 2
      },
      {
        "id": "0495cfc56fb7135018060dd22873e78e",
        "label": "Cristina Toscano Fonseca",
        "description": "Cristina Toscano Fonseca",
        "url": "http://elattes.fiocruz.br.br/analysis/profile/id/642/member/7920312439713999",
        "scores": {
          "Avg. pub. year": 2021.5
        },
        "weights": {
          "Publications": 6,
          "Events": 0
        },
        "x": 0.1502,
        "y": -1.7905,
        "cluster": 4
      },
      {
        "id": "373ada420f12d2a6f5fa5f2f902a3ae2",
        "label": "Silvane Maria Fonseca Murta",
        "description": "Silvane Maria Fonseca Murta",
        "url": "http://elattes.fiocruz.br.br/analysis/profile/id/642/member/8285043752158198",
        "scores": {
          "Avg. pub. year": 2021.6154
        },
        "weights": {
          "Publications": 13,
          "Events": 0
        },
        "x": 2.163,
        "y": -2.7855,
        "cluster": 2
      },
      {
        "id": "ed3e3a25d73e915cfc289805a40d4a09",
        "label": "Carlos Eduardo Calzavara Silva",
        "description": "Carlos Eduardo Calzavara Silva",
        "url": "http://elattes.fiocruz.br.br/analysis/profile/id/642/member/8454953908544325",
        "scores": {
          "Avg. pub. year": 2021.8571
        },
        "weights": {
          "Publications": 7,
          "Events": 0
        },
        "x": 2.449,
        "y": 1.8956,
        "cluster": 5
      },
      {
        "id": "0acea8f66868fcfdb7f7c3257dbfcd5e",
        "label": "Flora Satiko Kano",
        "description": "Flora Satiko Kano",
        "url": "http://elattes.fiocruz.br.br/analysis/profile/id/642/member/8688961957105096",
        "scores": {
          "Avg. pub. year": 2021.25
        },
        "weights": {
          "Publications": 4,
          "Events": 0
        },
        "x": -1.4156,
        "y": 0.9189,
        "cluster": 6
      },
      {
        "id": "0707611225428270cdbfd6f2c7c7c482",
        "label": "Rodrigo Correa de Oliveira",
        "description": "Rodrigo Correa de Oliveira",
        "url": "http://elattes.fiocruz.br.br/analysis/profile/id/642/member/8712666530716107",
        "scores": {
          "Avg. pub. year": 2021.375
        },
        "weights": {
          "Publications": 8,
          "Events": 0
        },
        "x": 1.49,
        "y": 1.5785,
        "cluster": 5
      },
      {
        "id": "672e6dea945b8f35d124b1fc9e4d236f",
        "label": "Gabriel da Rocha Fernandes",
        "description": "Gabriel da Rocha Fernandes",
        "url": "http://elattes.fiocruz.br.br/analysis/profile/id/642/member/8989178759075946",
        "scores": {
          "Avg. pub. year": 2021.8667
        },
        "weights": {
          "Publications": 15,
          "Events": 0
        },
        "x": 4.1961,
        "y": 2.3197,
        "cluster": 5
      },
      {
        "id": "58e449e6c14acafad90f8380249a9144",
        "label": "Ricardo Tostes Gazzinelli",
        "description": "Ricardo Tostes Gazzinelli",
        "url": "http://elattes.fiocruz.br.br/analysis/profile/id/642/member/9148354106985023",
        "scores": {
          "Avg. pub. year": 2021.4762
        },
        "weights": {
          "Publications": 21,
          "Events": 0
        },
        "x": 0.208,
        "y": 0.3532,
        "cluster": 6
      },
      {
        "id": "65834753cc3ecd9d12388d969dcef547",
        "label": "Lileia Gonçalves Diotaiuti",
        "description": "Lileia Gonçalves Diotaiuti",
        "url": "http://elattes.fiocruz.br.br/analysis/profile/id/642/member/9211345386050612",
        "scores": {
          "Avg. pub. year": 2021.25
        },
        "weights": {
          "Publications": 4,
          "Events": 0
        },
        "x": 3.1099,
        "y": 7.3925,
        "cluster": 1
      },
      {
        "id": "811c5581de1a75af8c3060c3f84d07f9",
        "label": "Caroline Furtado Junqueira",
        "description": "Caroline Furtado Junqueira",
        "url": "http://elattes.fiocruz.br.br/analysis/profile/id/642/member/9405337414047265",
        "scores": {
          "Avg. pub. year": 2021.5
        },
        "weights": {
          "Publications": 6,
          "Events": 0
        },
        "x": -0.485,
        "y": -1.404,
        "cluster": 4
      },
      {
        "id": "46d6d9c79edd7a746d9aacc19fa17a57",
        "label": "Vanessa Peruhype Magalhães Pascoal",
        "description": "Vanessa Peruhype Magalhães Pascoal",
        "url": "http://elattes.fiocruz.br.br/analysis/profile/id/642/member/9698329171140813",
        "scores": {
          "Avg. pub. year": 2021.6667
        },
        "weights": {
          "Publications": 15,
          "Events": 0
        },
        "x": 1.9261,
        "y": -1.0827,
        "cluster": 2
      },
      {
        "id": "c4ae802b35403bae1ea6a73d90756d7c",
        "label": "Érica Alessandra Rocha Alves",
        "description": "Érica Alessandra Rocha Alves",
        "url": "http://elattes.fiocruz.br.br/analysis/profile/id/642/member/9853093673691832",
        "scores": {
          "Avg. pub. year": 2021.3333
        },
        "weights": {
          "Publications": 3,
          "Events": 0
        },
        "x": 2.0883,
        "y": 3.2493,
        "cluster": 5
      },
      {
        "id": "91f6e1205c05bc01263d982d7d800e42",
        "label": "Glaucia Fernandes Cota",
        "description": "Glaucia Fernandes Cota",
        "url": "http://elattes.fiocruz.br.br/analysis/profile/id/642/member/9894162318774616",
        "scores": {
          "Avg. pub. year": 2021.3125
        },
        "weights": {
          "Publications": 16,
          "Events": 0
        },
        "x": 3.6985,
        "y": -1.8043,
        "cluster": 3
      }
    ],
    "links": [
      {
        "source_id": "5a1ca3c229b1a3b82d2eb259dedb24b4",
        "target_id": "8468756346ae7eb5adecc95b1b3d166e",
        "strength": 3
      },
      {
        "source_id": "18d8c5ee050f8cf3614965f2ca256787",
        "target_id": "402fee4e661682c9d9fda2b8c5ac1c4d",
        "strength": 1
      },
      {
        "source_id": "18d8c5ee050f8cf3614965f2ca256787",
        "target_id": "46d6d9c79edd7a746d9aacc19fa17a57",
        "strength": 1
      },
      {
        "source_id": "1f8c94eb7391f5c845553fdf69ec9c8a",
        "target_id": "9c48b3390963017e96f37a401e721fa7",
        "strength": 1
      },
      {
        "source_id": "f0d1f594ff6e41042c9c8fc09998d092",
        "target_id": "ec4de92b5f03f359463a3ff45251653a",
        "strength": 1
      },
      {
        "source_id": "ec4de92b5f03f359463a3ff45251653a",
        "target_id": "d273c35108d182803ce8cb32d0cca7ed",
        "strength": 1
      },
      {
        "source_id": "ec4de92b5f03f359463a3ff45251653a",
        "target_id": "0495cfc56fb7135018060dd22873e78e",
        "strength": 4
      },
      {
        "source_id": "545d74bda32509674c6eef99940cb0b8",
        "target_id": "d46e9cea842a54494dbfb0d687afac28",
        "strength": 1
      },
      {
        "source_id": "545d74bda32509674c6eef99940cb0b8",
        "target_id": "3f060e6b19ed168f30ebe8a92a198ff8",
        "strength": 1
      },
      {
        "source_id": "545d74bda32509674c6eef99940cb0b8",
        "target_id": "ed3e3a25d73e915cfc289805a40d4a09",
        "strength": 1
      },
      {
        "source_id": "545d74bda32509674c6eef99940cb0b8",
        "target_id": "c4ae802b35403bae1ea6a73d90756d7c",
        "strength": 2
      },
      {
        "source_id": "d46e9cea842a54494dbfb0d687afac28",
        "target_id": "bb0d6fa033276821215a89631ca9bbec",
        "strength": 2
      },
      {
        "source_id": "d46e9cea842a54494dbfb0d687afac28",
        "target_id": "3f060e6b19ed168f30ebe8a92a198ff8",
        "strength": 1
      },
      {
        "source_id": "d46e9cea842a54494dbfb0d687afac28",
        "target_id": "ed3e3a25d73e915cfc289805a40d4a09",
        "strength": 1
      },
      {
        "source_id": "d46e9cea842a54494dbfb0d687afac28",
        "target_id": "672e6dea945b8f35d124b1fc9e4d236f",
        "strength": 1
      },
      {
        "source_id": "375f3e7a02951581b72eb10ec4d71110",
        "target_id": "7a6d58a9bfa4b22f4b0082befe64ae03",
        "strength": 1
      },
      {
        "source_id": "375f3e7a02951581b72eb10ec4d71110",
        "target_id": "672e6dea945b8f35d124b1fc9e4d236f",
        "strength": 1
      },
      {
        "source_id": "29d0b16e408b4397bed1ceca55207658",
        "target_id": "373ada420f12d2a6f5fa5f2f902a3ae2",
        "strength": 1
      },
      {
        "source_id": "18d8c5ee050f8cf3614965f2ca256787",
        "target_id": "3a7e3a760b44109fa88180c9ac8fefe6",
        "strength": 1
      },
      {
        "source_id": "84804e02cbb0c55774e5df001cb5ed04",
        "target_id": "3a7e3a760b44109fa88180c9ac8fefe6",
        "strength": 1
      },
      {
        "source_id": "3a7e3a760b44109fa88180c9ac8fefe6",
        "target_id": "e91774fff3aa5024b5d586d3ecbb68da",
        "strength": 2
      },
      {
        "source_id": "3a7e3a760b44109fa88180c9ac8fefe6",
        "target_id": "402fee4e661682c9d9fda2b8c5ac1c4d",
        "strength": 5
      },
      {
        "source_id": "3a7e3a760b44109fa88180c9ac8fefe6",
        "target_id": "d5129b230863eed443be1c4b30807580",
        "strength": 1
      },
      {
        "source_id": "3a7e3a760b44109fa88180c9ac8fefe6",
        "target_id": "09f305f13add22173d5a59b8a68491d9",
        "strength": 1
      },
      {
        "source_id": "3a7e3a760b44109fa88180c9ac8fefe6",
        "target_id": "46d6d9c79edd7a746d9aacc19fa17a57",
        "strength": 4
      },
      {
        "source_id": "3a7e3a760b44109fa88180c9ac8fefe6",
        "target_id": "6e94bdb3e477cb430e98291dda4ba1c7",
        "strength": 1
      },
      {
        "source_id": "6e94bdb3e477cb430e98291dda4ba1c7",
        "target_id": "e91774fff3aa5024b5d586d3ecbb68da",
        "strength": 1
      },
      {
        "source_id": "6e94bdb3e477cb430e98291dda4ba1c7",
        "target_id": "ed3e3a25d73e915cfc289805a40d4a09",
        "strength": 1
      },
      {
        "source_id": "6e94bdb3e477cb430e98291dda4ba1c7",
        "target_id": "672e6dea945b8f35d124b1fc9e4d236f",
        "strength": 1
      },
      {
        "source_id": "6e94bdb3e477cb430e98291dda4ba1c7",
        "target_id": "eb48d58d272d28cd9d1f5d354e77b9cf",
        "strength": 1
      },
      {
        "source_id": "eb48d58d272d28cd9d1f5d354e77b9cf",
        "target_id": "4051840902f5732938b47976783c04c8",
        "strength": 1
      },
      {
        "source_id": "eb48d58d272d28cd9d1f5d354e77b9cf",
        "target_id": "8468756346ae7eb5adecc95b1b3d166e",
        "strength": 1
      },
      {
        "source_id": "0a76f3ac7a28b27d208bded7e0c516da",
        "target_id": "f2b11d801443ff8973cff3bd52363b1c",
        "strength": 3
      },
      {
        "source_id": "84804e02cbb0c55774e5df001cb5ed04",
        "target_id": "3097c0d8e94a6746ee4a40f75fc44fc4",
        "strength": 1
      },
      {
        "source_id": "3097c0d8e94a6746ee4a40f75fc44fc4",
        "target_id": "d273c35108d182803ce8cb32d0cca7ed",
        "strength": 1
      },
      {
        "source_id": "3097c0d8e94a6746ee4a40f75fc44fc4",
        "target_id": "bb0d6fa033276821215a89631ca9bbec",
        "strength": 1
      },
      {
        "source_id": "3097c0d8e94a6746ee4a40f75fc44fc4",
        "target_id": "a4282da5d9f1c0ee34458b63b7782bec",
        "strength": 2
      },
      {
        "source_id": "3097c0d8e94a6746ee4a40f75fc44fc4",
        "target_id": "09f305f13add22173d5a59b8a68491d9",
        "strength": 1
      },
      {
        "source_id": "3097c0d8e94a6746ee4a40f75fc44fc4",
        "target_id": "91f6e1205c05bc01263d982d7d800e42",
        "strength": 4
      },
      {
        "source_id": "18d8c5ee050f8cf3614965f2ca256787",
        "target_id": "69146403e7c404bb3e068d58c835dd5c",
        "strength": 1
      },
      {
        "source_id": "84804e02cbb0c55774e5df001cb5ed04",
        "target_id": "69146403e7c404bb3e068d58c835dd5c",
        "strength": 2
      },
      {
        "source_id": "3a7e3a760b44109fa88180c9ac8fefe6",
        "target_id": "69146403e7c404bb3e068d58c835dd5c",
        "strength": 4
      },
      {
        "source_id": "69146403e7c404bb3e068d58c835dd5c",
        "target_id": "d273c35108d182803ce8cb32d0cca7ed",
        "strength": 1
      },
      {
        "source_id": "69146403e7c404bb3e068d58c835dd5c",
        "target_id": "402fee4e661682c9d9fda2b8c5ac1c4d",
        "strength": 22
      },
      {
        "source_id": "69146403e7c404bb3e068d58c835dd5c",
        "target_id": "8cd10e095cebe2528eb17128ce8a748a",
        "strength": 1
      },
      {
        "source_id": "69146403e7c404bb3e068d58c835dd5c",
        "target_id": "d5129b230863eed443be1c4b30807580",
        "strength": 1
      },
      {
        "source_id": "69146403e7c404bb3e068d58c835dd5c",
        "target_id": "373ada420f12d2a6f5fa5f2f902a3ae2",
        "strength": 1
      },
      {
        "source_id": "69146403e7c404bb3e068d58c835dd5c",
        "target_id": "ed3e3a25d73e915cfc289805a40d4a09",
        "strength": 1
      },
      {
        "source_id": "69146403e7c404bb3e068d58c835dd5c",
        "target_id": "0707611225428270cdbfd6f2c7c7c482",
        "strength": 1
      },
      {
        "source_id": "69146403e7c404bb3e068d58c835dd5c",
        "target_id": "46d6d9c79edd7a746d9aacc19fa17a57",
        "strength": 13
      },
      {
        "source_id": "84804e02cbb0c55774e5df001cb5ed04",
        "target_id": "d273c35108d182803ce8cb32d0cca7ed",
        "strength": 2
      },
      {
        "source_id": "d273c35108d182803ce8cb32d0cca7ed",
        "target_id": "bb0d6fa033276821215a89631ca9bbec",
        "strength": 1
      },
      {
        "source_id": "d273c35108d182803ce8cb32d0cca7ed",
        "target_id": "811c5581de1a75af8c3060c3f84d07f9",
        "strength": 1
      },
      {
        "source_id": "d273c35108d182803ce8cb32d0cca7ed",
        "target_id": "46d6d9c79edd7a746d9aacc19fa17a57",
        "strength": 1
      },
      {
        "source_id": "d273c35108d182803ce8cb32d0cca7ed",
        "target_id": "91f6e1205c05bc01263d982d7d800e42",
        "strength": 2
      },
      {
        "source_id": "72a73142104d8e56124360562f6159ff",
        "target_id": "c075b6daffece5a523302b7aadf7c5ca",
        "strength": 7
      },
      {
        "source_id": "18d8c5ee050f8cf3614965f2ca256787",
        "target_id": "4d17ef486e49164ef650576e6683a645",
        "strength": 1
      },
      {
        "source_id": "3a7e3a760b44109fa88180c9ac8fefe6",
        "target_id": "4d17ef486e49164ef650576e6683a645",
        "strength": 1
      },
      {
        "source_id": "69146403e7c404bb3e068d58c835dd5c",
        "target_id": "4d17ef486e49164ef650576e6683a645",
        "strength": 3
      },
      {
        "source_id": "4d17ef486e49164ef650576e6683a645",
        "target_id": "4051840902f5732938b47976783c04c8",
        "strength": 1
      },
      {
        "source_id": "4d17ef486e49164ef650576e6683a645",
        "target_id": "feb05be989e75d13b42042b1f84cb35f",
        "strength": 1
      },
      {
        "source_id": "4d17ef486e49164ef650576e6683a645",
        "target_id": "402fee4e661682c9d9fda2b8c5ac1c4d",
        "strength": 3
      },
      {
        "source_id": "4d17ef486e49164ef650576e6683a645",
        "target_id": "0495cfc56fb7135018060dd22873e78e",
        "strength": 1
      },
      {
        "source_id": "4d17ef486e49164ef650576e6683a645",
        "target_id": "0acea8f66868fcfdb7f7c3257dbfcd5e",
        "strength": 1
      },
      {
        "source_id": "4d17ef486e49164ef650576e6683a645",
        "target_id": "58e449e6c14acafad90f8380249a9144",
        "strength": 6
      },
      {
        "source_id": "4d17ef486e49164ef650576e6683a645",
        "target_id": "46d6d9c79edd7a746d9aacc19fa17a57",
        "strength": 3
      },
      {
        "source_id": "5a1ca3c229b1a3b82d2eb259dedb24b4",
        "target_id": "4051840902f5732938b47976783c04c8",
        "strength": 3
      },
      {
        "source_id": "4051840902f5732938b47976783c04c8",
        "target_id": "8468756346ae7eb5adecc95b1b3d166e",
        "strength": 6
      },
      {
        "source_id": "4051840902f5732938b47976783c04c8",
        "target_id": "0acea8f66868fcfdb7f7c3257dbfcd5e",
        "strength": 4
      },
      {
        "source_id": "84804e02cbb0c55774e5df001cb5ed04",
        "target_id": "bb0d6fa033276821215a89631ca9bbec",
        "strength": 1
      },
      {
        "source_id": "bb0d6fa033276821215a89631ca9bbec",
        "target_id": "672e6dea945b8f35d124b1fc9e4d236f",
        "strength": 3
      },
      {
        "source_id": "bb0d6fa033276821215a89631ca9bbec",
        "target_id": "91f6e1205c05bc01263d982d7d800e42",
        "strength": 1
      },
      {
        "source_id": "e91774fff3aa5024b5d586d3ecbb68da",
        "target_id": "7a6d58a9bfa4b22f4b0082befe64ae03",
        "strength": 1
      },
      {
        "source_id": "3f060e6b19ed168f30ebe8a92a198ff8",
        "target_id": "ed3e3a25d73e915cfc289805a40d4a09",
        "strength": 1
      },
      {
        "source_id": "feb05be989e75d13b42042b1f84cb35f",
        "target_id": "58e449e6c14acafad90f8380249a9144",
        "strength": 1
      },
      {
        "source_id": "375f3e7a02951581b72eb10ec4d71110",
        "target_id": "60d05031a0fcb425802aa201569823b3",
        "strength": 1
      },
      {
        "source_id": "10d9bc14412baddd64e23a1b0b609a32",
        "target_id": "60d05031a0fcb425802aa201569823b3",
        "strength": 3
      },
      {
        "source_id": "84804e02cbb0c55774e5df001cb5ed04",
        "target_id": "402fee4e661682c9d9fda2b8c5ac1c4d",
        "strength": 2
      },
      {
        "source_id": "402fee4e661682c9d9fda2b8c5ac1c4d",
        "target_id": "0707611225428270cdbfd6f2c7c7c482",
        "strength": 1
      },
      {
        "source_id": "f0d1f594ff6e41042c9c8fc09998d092",
        "target_id": "f9fa245bef0ef57c3dce31b8b522d7ee",
        "strength": 1
      },
      {
        "source_id": "ec4de92b5f03f359463a3ff45251653a",
        "target_id": "f9fa245bef0ef57c3dce31b8b522d7ee",
        "strength": 1
      },
      {
        "source_id": "69146403e7c404bb3e068d58c835dd5c",
        "target_id": "f9fa245bef0ef57c3dce31b8b522d7ee",
        "strength": 1
      },
      {
        "source_id": "d273c35108d182803ce8cb32d0cca7ed",
        "target_id": "f9fa245bef0ef57c3dce31b8b522d7ee",
        "strength": 1
      },
      {
        "source_id": "4d17ef486e49164ef650576e6683a645",
        "target_id": "f9fa245bef0ef57c3dce31b8b522d7ee",
        "strength": 1
      },
      {
        "source_id": "402fee4e661682c9d9fda2b8c5ac1c4d",
        "target_id": "f9fa245bef0ef57c3dce31b8b522d7ee",
        "strength": 1
      },
      {
        "source_id": "f9fa245bef0ef57c3dce31b8b522d7ee",
        "target_id": "0495cfc56fb7135018060dd22873e78e",
        "strength": 2
      },
      {
        "source_id": "f9fa245bef0ef57c3dce31b8b522d7ee",
        "target_id": "46d6d9c79edd7a746d9aacc19fa17a57",
        "strength": 1
      },
      {
        "source_id": "aa6243e73e1039d0edc456259d2701bd",
        "target_id": "8cd10e095cebe2528eb17128ce8a748a",
        "strength": 1
      },
      {
        "source_id": "d46e9cea842a54494dbfb0d687afac28",
        "target_id": "8cd10e095cebe2528eb17128ce8a748a",
        "strength": 2
      },
      {
        "source_id": "6e94bdb3e477cb430e98291dda4ba1c7",
        "target_id": "8cd10e095cebe2528eb17128ce8a748a",
        "strength": 3
      },
      {
        "source_id": "bb0d6fa033276821215a89631ca9bbec",
        "target_id": "8cd10e095cebe2528eb17128ce8a748a",
        "strength": 2
      },
      {
        "source_id": "8cd10e095cebe2528eb17128ce8a748a",
        "target_id": "09f305f13add22173d5a59b8a68491d9",
        "strength": 1
      },
      {
        "source_id": "8cd10e095cebe2528eb17128ce8a748a",
        "target_id": "ed3e3a25d73e915cfc289805a40d4a09",
        "strength": 2
      },
      {
        "source_id": "8cd10e095cebe2528eb17128ce8a748a",
        "target_id": "672e6dea945b8f35d124b1fc9e4d236f",
        "strength": 2
      },
      {
        "source_id": "a4282da5d9f1c0ee34458b63b7782bec",
        "target_id": "09f305f13add22173d5a59b8a68491d9",
        "strength": 2
      },
      {
        "source_id": "55731ca7937b0734aea4f4111535a3c3",
        "target_id": "f2b11d801443ff8973cff3bd52363b1c",
        "strength": 4
      },
      {
        "source_id": "3a7e3a760b44109fa88180c9ac8fefe6",
        "target_id": "f2b11d801443ff8973cff3bd52363b1c",
        "strength": 1
      },
      {
        "source_id": "8cd10e095cebe2528eb17128ce8a748a",
        "target_id": "f2b11d801443ff8973cff3bd52363b1c",
        "strength": 1
      },
      {
        "source_id": "f2b11d801443ff8973cff3bd52363b1c",
        "target_id": "09f305f13add22173d5a59b8a68491d9",
        "strength": 2
      },
      {
        "source_id": "402fee4e661682c9d9fda2b8c5ac1c4d",
        "target_id": "d5129b230863eed443be1c4b30807580",
        "strength": 1
      },
      {
        "source_id": "1109e30ea19e916d707c64a47f8a8bbc",
        "target_id": "373ada420f12d2a6f5fa5f2f902a3ae2",
        "strength": 1
      },
      {
        "source_id": "f0d1f594ff6e41042c9c8fc09998d092",
        "target_id": "0495cfc56fb7135018060dd22873e78e",
        "strength": 2
      },
      {
        "source_id": "d273c35108d182803ce8cb32d0cca7ed",
        "target_id": "0495cfc56fb7135018060dd22873e78e",
        "strength": 1
      },
      {
        "source_id": "d273c35108d182803ce8cb32d0cca7ed",
        "target_id": "373ada420f12d2a6f5fa5f2f902a3ae2",
        "strength": 1
      },
      {
        "source_id": "373ada420f12d2a6f5fa5f2f902a3ae2",
        "target_id": "46d6d9c79edd7a746d9aacc19fa17a57",
        "strength": 1
      },
      {
        "source_id": "f0d1f594ff6e41042c9c8fc09998d092",
        "target_id": "ed3e3a25d73e915cfc289805a40d4a09",
        "strength": 1
      },
      {
        "source_id": "ed3e3a25d73e915cfc289805a40d4a09",
        "target_id": "0707611225428270cdbfd6f2c7c7c482",
        "strength": 1
      },
      {
        "source_id": "ed3e3a25d73e915cfc289805a40d4a09",
        "target_id": "672e6dea945b8f35d124b1fc9e4d236f",
        "strength": 1
      },
      {
        "source_id": "5a1ca3c229b1a3b82d2eb259dedb24b4",
        "target_id": "0acea8f66868fcfdb7f7c3257dbfcd5e",
        "strength": 1
      },
      {
        "source_id": "8468756346ae7eb5adecc95b1b3d166e",
        "target_id": "0acea8f66868fcfdb7f7c3257dbfcd5e",
        "strength": 2
      },
      {
        "source_id": "69146403e7c404bb3e068d58c835dd5c",
        "target_id": "58e449e6c14acafad90f8380249a9144",
        "strength": 1
      },
      {
        "source_id": "d273c35108d182803ce8cb32d0cca7ed",
        "target_id": "58e449e6c14acafad90f8380249a9144",
        "strength": 1
      },
      {
        "source_id": "4051840902f5732938b47976783c04c8",
        "target_id": "58e449e6c14acafad90f8380249a9144",
        "strength": 1
      },
      {
        "source_id": "e91774fff3aa5024b5d586d3ecbb68da",
        "target_id": "58e449e6c14acafad90f8380249a9144",
        "strength": 1
      },
      {
        "source_id": "402fee4e661682c9d9fda2b8c5ac1c4d",
        "target_id": "58e449e6c14acafad90f8380249a9144",
        "strength": 1
      },
      {
        "source_id": "0acea8f66868fcfdb7f7c3257dbfcd5e",
        "target_id": "58e449e6c14acafad90f8380249a9144",
        "strength": 1
      },
      {
        "source_id": "58e449e6c14acafad90f8380249a9144",
        "target_id": "811c5581de1a75af8c3060c3f84d07f9",
        "strength": 2
      },
      {
        "source_id": "84804e02cbb0c55774e5df001cb5ed04",
        "target_id": "46d6d9c79edd7a746d9aacc19fa17a57",
        "strength": 1
      },
      {
        "source_id": "402fee4e661682c9d9fda2b8c5ac1c4d",
        "target_id": "46d6d9c79edd7a746d9aacc19fa17a57",
        "strength": 10
      },
      {
        "source_id": "d5129b230863eed443be1c4b30807580",
        "target_id": "46d6d9c79edd7a746d9aacc19fa17a57",
        "strength": 1
      },
      {
        "source_id": "d46e9cea842a54494dbfb0d687afac28",
        "target_id": "c4ae802b35403bae1ea6a73d90756d7c",
        "strength": 1
      },
      {
        "source_id": "3f060e6b19ed168f30ebe8a92a198ff8",
        "target_id": "c4ae802b35403bae1ea6a73d90756d7c",
        "strength": 1
      },
      {
        "source_id": "ed3e3a25d73e915cfc289805a40d4a09",
        "target_id": "c4ae802b35403bae1ea6a73d90756d7c",
        "strength": 2
      },
      {
        "source_id": "0707611225428270cdbfd6f2c7c7c482",
        "target_id": "c4ae802b35403bae1ea6a73d90756d7c",
        "strength": 1
      },
      {
        "source_id": "84804e02cbb0c55774e5df001cb5ed04",
        "target_id": "91f6e1205c05bc01263d982d7d800e42",
        "strength": 2
      }
    ]
  },
  "config": {
    "terminology": {
      "cluster": "Grupo",
      "clusters": "Grupos",
      "item": "Pesquisador",
      "items": "Pesquisadores",
      "link": "Conexão",
      "links": "Conexões",
      "link_strength": "Força da Conexão",
      "total_link_strength": "Força Total da Conexão"
    }
  }
}
