{
  "2021": [
    [
      {
        "titulo": "MÉTODO PARA DIAGNÓSTICO OU PROGNÓSTICO DE INFECÇÃO POR HTLV-1 E/OU HTLV-2, E, KIT PARA DIAGNÓSTICO DE INFECÇÃO POR HTLV-1 E/OU HTLV-2 POR CITOMETRIA DE FLUXO",
        "ano_desenvolvimento": "2021",
        "pais": "Brasil",
        "home_page": "",
        "flag_relevancia": "NAO",
        "flag_potencial_inovacao": "SIM",
        "finalidade": "",
        "instituicao_financiadora": "",
        "categoria": "Processo",
        "tipo_patente": "PRIVILEGIO_DE_INOVACAO_PI",
        "codigo_do_registro_ou_patente": "BR2021050101",
        "data_pedido_de_deposito": "10032021",
        "data_de_pedido_de_exame": "",
        "data_de_concessao": "",
        "instituicao_deposito_registro": "INPI - Instituto Nacional da Propriedade Industrial",
        "numero_deposito_pct": "",
        "formato_data_deposito_pct": "DDMMAAAA",
        "data_deposito_pct": "",
        "nome_do_titular": "",
        "nome_do_depositante": "",
        "descricao_situacao_patente": "Depósito",
        "data_situacao_patente": "10032021",
        "status_situacao_patente": "SIM",
        "autores": ["FILHO, OLINDO A.M.", "PROIETTI, A. B. C.", "SABINO, E. C.", "CARVALHO, A. T.", "PERUHYPE-MAGALHÃES, V.", "BICALHO, K. A.", "TRINDADE, B. C.", "PAIVA, L. P.", "COELHO-DOS-REIS, JORDANA", "ALCANTARA, L. C. J.", "MARTINS, J. P."],
        "autores-endogeno": ["6260226537155026"],
        "autores-endogeno-nome": [
          {
            "6260226537155026": "Olindo Assis Martins Filho"
          }
        ],
        "tags": ["PPGCS"]
      }
    ],
    [
      {
        "titulo": "Metodologia in vitro para seleção de substancias com potencial atividade antiparasitaria e imunologica, utilizando a citometria de fluxo",
        "ano_desenvolvimento": "2012",
        "pais": "Brasil",
        "home_page": "",
        "flag_relevancia": "NAO",
        "flag_potencial_inovacao": "SIM",
        "finalidade": "",
        "instituicao_financiadora": "",
        "categoria": "Processo",
        "tipo_patente": "MODELO_DE_UTILIDADE_MU",
        "codigo_do_registro_ou_patente": "BR1020120324768",
        "data_pedido_de_deposito": "19122012",
        "data_de_pedido_de_exame": "",
        "data_de_concessao": "05012021",
        "instituicao_deposito_registro": "INPI - Instituto Nacional da Propriedade Industrial",
        "numero_deposito_pct": "1020120324768",
        "formato_data_deposito_pct": "DDMMAAAA",
        "data_deposito_pct": "",
        "nome_do_titular": "",
        "nome_do_depositante": "Universidade Federal de Minas Gerais",
        "descricao_situacao_patente": "Concessão",
        "data_situacao_patente": "05012021",
        "status_situacao_patente": "SIM",
        "autores": ["Fagundes EMS", "PERUHYPE-MAGALHÃES, V.", "TEIXEIRA-CARVALHO, A.", "MARTINS-FILHO, OLINDO A.", "BANDEIRA, C. C.", "GUERRA, A. A."],
        "autores-endogeno": ["9698329171140813"],
        "autores-endogeno-nome": [
          {
            "9698329171140813": "Vanessa Peruhype Magalhães Pascoal"
          }
        ],
        "tags": ["PPGCS"]
      }
    ],
    [
      {
        "titulo": "Coletor de ar para acoplamento em aeronaves na&#771;o tripuladas.",
        "ano_desenvolvimento": "2021",
        "pais": "Brasil",
        "home_page": "",
        "flag_relevancia": "NAO",
        "flag_potencial_inovacao": "SIM",
        "finalidade": "",
        "instituicao_financiadora": "",
        "categoria": "Produto",
        "tipo_patente": "MODELO_DE_UTILIDADE_MU",
        "codigo_do_registro_ou_patente": "BR2020210238424",
        "data_pedido_de_deposito": "26112021",
        "data_de_pedido_de_exame": "",
        "data_de_concessao": "",
        "instituicao_deposito_registro": "INPI - Instituto Nacional da Propriedade Industrial",
        "numero_deposito_pct": "",
        "formato_data_deposito_pct": "DDMMAAAA",
        "data_deposito_pct": "",
        "nome_do_titular": "",
        "nome_do_depositante": "",
        "descricao_situacao_patente": "Depósito",
        "data_situacao_patente": "26112021",
        "status_situacao_patente": "SIM",
        "autores": ["Rezende, Antonio M.", "Wallau, Gabriel L.", "Monte Neto, Rubens L.", "Quintão, Matheus C.", "Carvalho, Helotonio", "Albuquerque, Jones O."],
        "autores-endogeno": ["2817016666672297"],
        "autores-endogeno-nome": [
          {
            "2817016666672297": "Rubens Lima do Monte Neto"
          }
        ],
        "tags": ["PPGCS"]
      }
    ],
    [
      {
        "titulo": "Método preditivo qualitativo para diagnóstico diferencial das meningites pneumocócica, meningocócica e viral, método e kit para diagnóstico diferencial das meningites",
        "ano_desenvolvimento": "2014",
        "pais": "Brasil",
        "home_page": "",
        "flag_relevancia": "NAO",
        "flag_potencial_inovacao": "SIM",
        "finalidade": "",
        "instituicao_financiadora": "",
        "categoria": "Produto e Processo",
        "tipo_patente": "PRIVILEGIO_DE_INOVACAO_PI",
        "codigo_do_registro_ou_patente": "BR1020130046798",
        "data_pedido_de_deposito": "27022014",
        "data_de_pedido_de_exame": "",
        "data_de_concessao": "20042021",
        "instituicao_deposito_registro": "INPI - Instituto Nacional da Propriedade Industrial",
        "numero_deposito_pct": "2015000021",
        "formato_data_deposito_pct": "DDMMAAAA",
        "data_deposito_pct": "24022015",
        "nome_do_titular": "",
        "nome_do_depositante": "Fundação de Amparo à Pesquisa do Estado de Minas Gerais;Fundação Oswaldo Cruz;Fundação Hospitalar do Estado de Minas Gerais",
        "descricao_situacao_patente": "Concessão",
        "data_situacao_patente": "20042021",
        "status_situacao_patente": "SIM",
        "autores": ["COIMBRA, R. S.", "Rosiane A. da Silva Pereira", "Oliveira, GC", "CORDEIRO, A. P."],
        "autores-endogeno": ["3118219944250108"],
        "autores-endogeno-nome": [
          {
            "3118219944250108": "Roney Santos Coimbra"
          }
        ],
        "tags": ["PPGCS"]
      }
    ]
  ],
  "2022": [
    [
      {
        "titulo": "PLASMÍDEO RECOMBINANTE PARA EXPRESSÃO DA PROTEÍNA DE SUPERFÍCIE A DE Streptococcus pneumoniae, VÍRUS INFLUENZA GENETICAMENTE MODIFICADO E USOS",
        "ano_desenvolvimento": "2022",
        "pais": "Brasil",
        "home_page": "",
        "flag_relevancia": "NAO",
        "flag_potencial_inovacao": "SIM",
        "finalidade": "",
        "instituicao_financiadora": "",
        "categoria": "Produto e Processo",
        "tipo_patente": "MODELO_DE_UTILIDADE_MU",
        "codigo_do_registro_ou_patente": "BR10202201516",
        "data_pedido_de_deposito": "29072022",
        "data_de_pedido_de_exame": "",
        "data_de_concessao": "",
        "instituicao_deposito_registro": "INPI - Instituto Nacional da Propriedade Industrial",
        "numero_deposito_pct": "",
        "formato_data_deposito_pct": "DDMMAAAA",
        "data_deposito_pct": "",
        "nome_do_titular": "",
        "nome_do_depositante": "Márcio Sobreira Silva Araújo;Beatriz Senra Álvares da Silva Santos;FLORA SATIKO KANO;ANA PAULA DE FARIA GONÇALVES;MARCELO ANTONIO PASCOAL XAVIER;ERICA AZEVEDO COSTA;NELSON RODRIGO DA SILVA MARTINS;RICARDO TOSTES GAZZINELLI;Eliane Namie Miyaji;Universidade Federal de Minas Gerais;Instituto Butantan",
        "descricao_situacao_patente": "Depósito",
        "data_situacao_patente": "29072022",
        "status_situacao_patente": "SIM",
        "autores": ["CARDOSO, K. F.", "MARTINS, N. R. S.", "GAZZINELLI, R. T.", "MIYAJI, E. N.", "Machado, A. M. V.", "Araújo, Márcio S.S.", "CARVALHO, K. R. A.", "SANTOS, B. S. A. S.", "KANO, F. S.", "GONCALVES, A. P. F.", "XAVIER, M. A. P.", "COSTA, E. A."],
        "autores-endogeno": ["2634004612117298"],
        "autores-endogeno-nome": [
          {
            "2634004612117298": "Márcio Sobreira Silva Araújo"
          }
        ],
        "tags": ["PPGCS"]
      }
    ],
    [
      {
        "titulo": "Biossensores, métodos para detecção do vírus SARS-CoV-2, kit e uso",
        "ano_desenvolvimento": "2022",
        "pais": "Brasil",
        "home_page": "",
        "flag_relevancia": "NAO",
        "flag_potencial_inovacao": "SIM",
        "finalidade": "",
        "instituicao_financiadora": "",
        "categoria": "Produto e Processo",
        "tipo_patente": "PRIVILEGIO_DE_INOVACAO_PI",
        "codigo_do_registro_ou_patente": "BR1020220043892",
        "data_pedido_de_deposito": "10032022",
        "data_de_pedido_de_exame": "",
        "data_de_concessao": "",
        "instituicao_deposito_registro": "INPI - Instituto Nacional da Propriedade Industrial",
        "numero_deposito_pct": "",
        "formato_data_deposito_pct": "DDMMAAAA",
        "data_deposito_pct": "",
        "nome_do_titular": "",
        "nome_do_depositante": "Anna Carolina Pinheiro Lage;Lívia Siman Gomes;Rubens Lima do Monte Neto;Pedro Augusto Alves;Kennedy B Gonçalves;Rosimeire C Barcelos;Universidade Federal de Minas Gerais",
        "descricao_situacao_patente": "Depósito",
        "data_situacao_patente": "10032022",
        "status_situacao_patente": "SIM",
        "autores": ["LAGE, A. C. P.", "JUNQUEIRA, C. M.", "GOMES, L. S.", "MONTE NETO, R. L.", "ALVES, P. A.", "GONCALVES, K. B.", "ALMEIDA, L. T.", "BORGES, I. A.", "GONCALVES, A. B.", "BARCELOS, R. C."],
        "autores-endogeno": ["6935282825820547", "2817016666672297"],
        "autores-endogeno-nome": [
          {
            "6935282825820547": "Pedro Augusto Alves",
            "2817016666672297": "Rubens Lima do Monte Neto"
          }
        ],
        "tags": ["PPGCS"]
      }
    ],
    [
      {
        "titulo": "PLASMÍDEO RECOMBINANTE PARA EXPRESSÃO DA PROTEÍNA DE SUPERFÍCIE A DE Streptococcus pneumoniae, VÍRUS INFLUENZA GENETICAMENTE MODIFICADO E USOS",
        "ano_desenvolvimento": "2022",
        "pais": "Brasil",
        "home_page": "",
        "flag_relevancia": "NAO",
        "flag_potencial_inovacao": "SIM",
        "finalidade": "",
        "instituicao_financiadora": "",
        "categoria": "Produto e Processo",
        "tipo_patente": "PRIVILEGIO_DE_INOVACAO_PI",
        "codigo_do_registro_ou_patente": "BR1020220151636",
        "data_pedido_de_deposito": "29072022",
        "data_de_pedido_de_exame": "",
        "data_de_concessao": "",
        "instituicao_deposito_registro": "INPI - Instituto Nacional da Propriedade Industrial",
        "numero_deposito_pct": "",
        "formato_data_deposito_pct": "DDMMAAAA",
        "data_deposito_pct": "",
        "nome_do_titular": "",
        "nome_do_depositante": "Universidade Federal de Minas Gerais;Instituto Butantan",
        "descricao_situacao_patente": "Depósito",
        "data_situacao_patente": "29072022",
        "status_situacao_patente": "SIM",
        "autores": ["CARDOSO, K. F.", "PASCOAL XAVIER, MARCELO ANTÔNIO", "COSTA, E. A.", "MARTINS, N. R. S.", "GAZZINELLI, R. T.", "MIYAJI, E. N.", "MACHADO, A. M. V.", "ARAUJO, M. S. S.", "CARVALHO, K. R. A.", "SANTOS, BEATRIZ SENRA", "MESSIAS, S. G. S.", "KANO, F. S.", "ALVES, P. A.", "GONCALVES, A. P. F."],
        "autores-endogeno": ["6935282825820547"],
        "autores-endogeno-nome": [
          {
            "6935282825820547": "Pedro Augusto Alves"
          }
        ],
        "tags": ["PPGCS"]
      }
    ],
    [
      {
        "titulo": "MÉTODO PARA TRIAGEM DE FÁRMACOS OU SUBSTÂNCIAS COM POTENCIAL NEUROPROTETOR, E KIT PARA TRIAGEM DE FÁRMACOS OU SUBSTÂNCIAS",
        "ano_desenvolvimento": "2022",
        "pais": "Brasil",
        "home_page": "",
        "flag_relevancia": "NAO",
        "flag_potencial_inovacao": "SIM",
        "finalidade": "",
        "instituicao_financiadora": "Fiocruz (INOVA); CNPq (INCT Vacinas).",
        "categoria": "Processo",
        "tipo_patente": "PRIVILEGIO_DE_INOVACAO_PI",
        "codigo_do_registro_ou_patente": "BR1020220096856",
        "data_pedido_de_deposito": "18052022",
        "data_de_pedido_de_exame": "",
        "data_de_concessao": "",
        "instituicao_deposito_registro": "INPI - Instituto Nacional da Propriedade Industrial",
        "numero_deposito_pct": "",
        "formato_data_deposito_pct": "DDMMAAAA",
        "data_deposito_pct": "",
        "nome_do_titular": "",
        "nome_do_depositante": "",
        "descricao_situacao_patente": "Depósito",
        "data_situacao_patente": "18052022",
        "status_situacao_patente": "SIM",
        "autores": ["COIMBRA, R. S.", "OLIVEIRA, M. S.", "CASSIANO, L. M. G.", "FERNANDES, G. R.", "ALVES, P. A.", "MACHADO, A. V.", "SALIM, ANNA CHRISTINA DE MATOS"],
        "autores-endogeno": ["3118219944250108", "6935282825820547"],
        "autores-endogeno-nome": [
          {
            "3118219944250108": "Roney Santos Coimbra",
            "6935282825820547": "Pedro Augusto Alves"
          }
        ],
        "tags": ["PPGCS"]
      }
    ]
  ]
}
